Sdate,Cosit,LaneNumber,LaneDescription,LaneDirection,DirectionDescription,Volume,Flags,Flag Text,AvgSpeed,PmlHGV,Class1Volume,Class2Volume,Class3Volume,Class4Volume,Class5Volume,Class6Volume
2014-11-26 13:00:00,1083,1,NB_NS,1,North,546,0,,14062,57,7,495,3,29,2,10
2014-11-26 13:00:00,1083,2,NB_MID,1,North,590,0,,15512,61,6,544,3,33,3,1
2014-11-26 13:00:00,1083,3,NB_OS,1,North,497,0,,16574,36,1,476,1,18,0,1
2014-11-26 13:00:00,1083,4,SB_OS,1,North,459,0,,16806,20,13,433,4,7,2,0
2014-11-26 13:00:00,1083,5,SB_MID,2,South,562,0,,16245,52,17,514,1,25,4,0
2014-11-26 13:00:00,1083,6,SB_NS,2,South,670,0,,15613,67,4,610,2,43,2,9
2014-11-26 13:00:00,1083,7,Channel 7,2,South,0,0,,15613,0,0,0,0,0,0,0
2014-11-26 13:00:00,1083,8,Channel 8,2,South,0,0,,15613,0,0,0,0,0,0,0
2014-11-26 14:00:00,1083,1,NB_NS,1,North,582,0,,14117,86,7,513,4,47,3,8
2014-11-26 14:00:00,1083,2,NB_MID,1,North,556,0,,15674,47,5,523,2,24,2,0
2014-11-26 14:00:00,1083,3,NB_OS,1,North,510,0,,16545,43,3,484,0,21,1,1
2014-11-26 14:00:00,1083,4,SB_OS,1,North,644,0,,16658,26,17,606,4,15,2,0
2014-11-26 14:00:00,1083,5,SB_MID,2,South,689,0,,16006,39,19,641,2,25,2,0
2014-11-26 14:00:00,1083,6,SB_NS,2,South,796,0,,15603,53,7,741,1,38,4,5
2014-11-26 14:00:00,1083,7,Channel 7,2,South,0,0,,15603,0,0,0,0,0,0,0
2014-11-26 14:00:00,1083,8,Channel 8,2,South,0,0,,15603,0,0,0,0,0,0,0
2014-11-26 15:00:00,1083,1,NB_NS,1,North,611,0,,12767,72,3,547,4,42,2,13
2014-11-26 15:00:00,1083,2,NB_MID,1,North,491,0,,14539,61,4,454,1,26,4,2
2014-11-26 15:00:00,1083,3,NB_OS,1,North,467,0,,15816,51,0,442,1,24,0,0
2014-11-26 15:00:00,1083,4,SB_OS,1,North,766,0,,15929,20,13,736,2,13,2,0
2014-11-26 15:00:00,1083,5,SB_MID,2,South,706,0,,15200,44,18,653,3,29,2,1
2014-11-26 15:00:00,1083,6,SB_NS,2,South,1005,0,,14241,43,5,945,3,37,6,9
2014-11-26 15:00:00,1083,7,Channel 7,2,South,0,0,,14241,0,0,0,0,0,0,0
2014-11-26 15:00:00,1083,8,Channel 8,2,South,0,0,,14241,0,0,0,0,0,0,0
2014-11-26 16:00:00,1083,1,NB_NS,1,North,994,0,,11190,52,7,919,3,50,2,13
2014-11-26 16:00:00,1083,2,NB_MID,1,North,664,0,,14037,48,8,620,2,31,1,2
2014-11-26 16:00:00,1083,3,NB_OS,1,North,722,0,,14754,28,2,698,2,20,0,0
2014-11-26 16:00:00,1083,4,SB_OS,1,North,779,0,,15271,9,24,748,0,6,1,0
2014-11-26 16:00:00,1083,5,SB_MID,2,South,825,0,,14165,15,20,792,1,12,0,0
2014-11-26 16:00:00,1083,6,SB_NS,2,South,1377,0,,12487,25,11,1321,2,29,5,9
2014-11-26 16:00:00,1083,7,Channel 7,2,South,0,0,,12487,0,0,0,0,0,0,0
2014-11-26 16:00:00,1083,8,Channel 8,2,South,0,0,,12487,0,0,0,0,0,0,0
2014-11-26 17:00:00,1083,1,NB_NS,1,North,1136,0,,10071,28,7,1082,1,31,1,14
2014-11-26 17:00:00,1083,2,NB_MID,1,North,806,0,,13088,29,10,772,0,22,1,1
2014-11-26 17:00:00,1083,3,NB_OS,1,North,790,0,,14428,20,4,769,0,16,0,1
2014-11-26 17:00:00,1083,4,SB_OS,1,North,875,0,,14520,5,19,852,0,3,1,0
2014-11-26 17:00:00,1083,5,SB_MID,2,South,846,0,,13827,9,16,822,0,8,0,0
2014-11-26 17:00:00,1083,6,SB_NS,2,South,1276,0,,12754,13,10,1240,0,15,2,9
2014-11-26 17:00:00,1083,7,Channel 7,2,South,0,0,,12754,0,0,0,0,0,0,0
2014-11-26 17:00:00,1083,8,Channel 8,2,South,0,0,,12754,0,0,0,0,0,0,0
2014-11-26 18:00:00,1083,1,NB_NS,1,North,779,0,,13858,24,2,748,1,18,1,9
2014-11-26 18:00:00,1083,2,NB_MID,1,North,680,0,,15070,15,6,662,1,10,0,1
2014-11-26 18:00:00,1083,3,NB_OS,1,North,669,0,,15842,15,3,656,0,10,0,0
2014-11-26 18:00:00,1083,4,SB_OS,1,North,716,0,,15782,14,22,684,0,10,0,0
2014-11-26 18:00:00,1083,5,SB_MID,2,South,783,0,,14853,15,20,751,0,12,0,0
2014-11-26 18:00:00,1083,6,SB_NS,2,South,1039,0,,13727,13,7,1010,0,10,3,9
2014-11-26 18:00:00,1083,7,Channel 7,2,South,0,0,,13727,0,0,0,0,0,0,0
2014-11-26 18:00:00,1083,8,Channel 8,2,South,0,0,,13727,0,0,0,0,0,0,0
2014-11-26 19:00:00,1083,1,NB_NS,1,North,391,0,,15254,23,3,374,0,9,0,5
2014-11-26 19:00:00,1083,2,NB_MID,1,North,438,0,,16542,23,4,423,1,9,1,0
2014-11-26 19:00:00,1083,3,NB_OS,1,North,415,0,,17128,14,1,408,0,6,0,0
2014-11-26 19:00:00,1083,4,SB_OS,1,North,434,0,,17439,7,10,420,1,2,1,0
2014-11-26 19:00:00,1083,5,SB_MID,2,South,577,0,,16912,7,15,558,0,4,0,0
2014-11-26 19:00:00,1083,6,SB_NS,2,South,648,0,,16119,8,8,626,1,5,0,8
2014-11-26 19:00:00,1083,7,Channel 7,2,South,0,0,,16119,0,0,0,0,0,0,0
2014-11-26 19:00:00,1083,8,Channel 8,2,South,0,0,,16119,0,0,0,0,0,0,0
2014-11-26 20:00:00,1083,1,NB_NS,1,North,339,0,,16196,15,2,328,0,5,0,4
2014-11-26 20:00:00,1083,2,NB_MID,1,North,336,0,,17156,18,2,328,0,5,1,0
2014-11-26 20:00:00,1083,3,NB_OS,1,North,289,0,,17304,3,1,287,0,1,0,0
2014-11-26 20:00:00,1083,4,SB_OS,1,North,277,0,,18017,7,10,265,0,2,0,0
2014-11-26 20:00:00,1083,5,SB_MID,2,South,360,0,,17736,8,14,343,0,3,0,0
2014-11-26 20:00:00,1083,6,SB_NS,2,South,448,0,,17431,13,0,438,0,5,1,4
2014-11-26 20:00:00,1083,7,Channel 7,2,South,0,0,,17431,0,0,0,0,0,0,0
2014-11-26 20:00:00,1083,8,Channel 8,2,South,0,0,,17431,0,0,0,0,0,0,0
2014-11-26 21:00:00,1083,1,NB_NS,1,North,259,0,,16443,19,5,246,0,4,1,3
2014-11-26 21:00:00,1083,2,NB_MID,1,North,265,0,,17403,11,4,258,0,3,0,0
2014-11-26 21:00:00,1083,3,NB_OS,1,North,189,0,,18363,21,2,183,0,4,0,0
2014-11-26 21:00:00,1083,4,SB_OS,1,North,230,0,,18097,0,5,225,0,0,0,0
2014-11-26 21:00:00,1083,5,SB_MID,2,South,324,0,,17804,19,12,306,0,6,0,0
2014-11-26 21:00:00,1083,6,SB_NS,2,South,357,0,,17154,17,2,346,0,4,2,3
2014-11-26 21:00:00,1083,7,Channel 7,2,South,0,0,,17154,0,0,0,0,0,0,0
2014-11-26 21:00:00,1083,8,Channel 8,2,South,0,0,,17154,0,0,0,0,0,0,0
2014-11-26 22:00:00,1083,1,NB_NS,1,North,203,0,,16297,59,1,187,0,9,3,3
2014-11-26 22:00:00,1083,2,NB_MID,1,North,220,0,,17674,14,3,214,0,2,1,0
2014-11-26 22:00:00,1083,3,NB_OS,1,North,132,0,,17763,23,1,128,0,3,0,0
2014-11-26 22:00:00,1083,4,SB_OS,1,North,149,0,,18311,20,4,142,0,3,0,0
2014-11-26 22:00:00,1083,5,SB_MID,2,South,238,0,,18017,13,2,233,0,2,1,0
2014-11-26 22:00:00,1083,6,SB_NS,2,South,283,0,,17046,11,4,271,0,3,0,5
2014-11-26 22:00:00,1083,7,Channel 7,2,South,0,0,,17046,0,0,0,0,0,0,0
2014-11-26 22:00:00,1083,8,Channel 8,2,South,0,0,,17046,0,0,0,0,0,0,0
2014-11-26 23:00:00,1083,1,NB_NS,1,North,97,0,,16483,41,3,87,0,4,0,3
2014-11-26 23:00:00,1083,2,NB_MID,1,North,152,0,,17493,39,0,146,0,6,0,0
2014-11-26 23:00:00,1083,3,NB_OS,1,North,99,0,,17778,20,0,97,0,2,0,0
2014-11-26 23:00:00,1083,4,SB_OS,1,North,65,0,,17808,0,2,63,0,0,0,0
2014-11-26 23:00:00,1083,5,SB_MID,2,South,148,0,,18705,0,3,145,0,0,0,0
2014-11-26 23:00:00,1083,6,SB_NS,2,South,154,0,,17608,26,0,145,0,3,1,5
2014-11-26 23:00:00,1083,7,Channel 7,2,South,0,0,,17608,0,0,0,0,0,0,0
2014-11-26 23:00:00,1083,8,Channel 8,2,South,0,0,,17608,0,0,0,0,0,0,0
2014-11-27 00:00:00,1083,1,NB_NS,1,North,61,0,,17017,82,1,54,0,3,2,1
2014-11-27 00:00:00,1083,2,NB_MID,1,North,97,0,,17924,31,0,94,0,2,1,0
2014-11-27 00:00:00,1083,3,NB_OS,1,North,45,0,,19296,22,0,43,0,1,0,1
2014-11-27 00:00:00,1083,4,SB_OS,1,North,42,0,,18036,24,1,40,0,0,1,0
2014-11-27 00:00:00,1083,5,SB_MID,2,South,57,0,,18826,35,1,54,0,2,0,0
2014-11-27 00:00:00,1083,6,SB_NS,2,South,77,0,,18196,13,0,75,0,0,1,1
2014-11-27 00:00:00,1083,7,Channel 7,2,South,0,0,,18196,0,0,0,0,0,0,0
2014-11-27 00:00:00,1083,8,Channel 8,2,South,0,0,,18196,0,0,0,0,0,0,0
2014-11-27 01:00:00,1083,1,NB_NS,1,North,36,0,,17986,139,1,30,0,3,2,0
2014-11-27 01:00:00,1083,2,NB_MID,1,North,66,0,,18157,45,1,62,0,3,0,0
2014-11-27 01:00:00,1083,3,NB_OS,1,North,10,0,,18389,100,0,9,0,1,0,0
2014-11-27 01:00:00,1083,4,SB_OS,1,North,14,0,,16190,71,0,13,0,0,1,0
2014-11-27 01:00:00,1083,5,SB_MID,2,South,52,0,,19701,58,0,49,0,3,0,0
2014-11-27 01:00:00,1083,6,SB_NS,2,South,44,0,,17222,68,1,40,0,3,0,0
2014-11-27 01:00:00,1083,7,Channel 7,2,South,0,0,,17222,0,0,0,0,0,0,0
2014-11-27 01:00:00,1083,8,Channel 8,2,South,0,0,,17222,0,0,0,0,0,0,0
2014-11-27 02:00:00,1083,1,NB_NS,1,North,31,0,,17267,161,0,26,0,3,2,0
2014-11-27 02:00:00,1083,2,NB_MID,1,North,31,0,,19194,65,0,29,0,2,0,0
2014-11-27 02:00:00,1083,3,NB_OS,1,North,8,0,,18611,125,0,7,0,1,0,0
2014-11-27 02:00:00,1083,4,SB_OS,1,North,9,0,,18673,111,0,8,0,1,0,0
2014-11-27 02:00:00,1083,5,SB_MID,2,South,23,0,,18454,43,0,22,0,1,0,0
2014-11-27 02:00:00,1083,6,SB_NS,2,South,35,0,,18802,114,0,31,0,4,0,0
2014-11-27 02:00:00,1083,7,Channel 7,2,South,0,0,,18802,0,0,0,0,0,0,0
2014-11-27 02:00:00,1083,8,Channel 8,2,South,0,0,,18802,0,0,0,0,0,0,0
2014-11-27 03:00:00,1083,1,NB_NS,1,North,20,0,,16653,100,2,16,0,1,1,0
2014-11-27 03:00:00,1083,2,NB_MID,1,North,31,0,,16998,129,2,25,0,4,0,0
2014-11-27 03:00:00,1083,3,NB_OS,1,North,8,0,,17847,0,0,8,0,0,0,0
2014-11-27 03:00:00,1083,4,SB_OS,1,North,12,0,,18750,83,2,9,0,1,0,0
2014-11-27 03:00:00,1083,5,SB_MID,2,South,24,0,,18796,42,2,21,0,1,0,0
2014-11-27 03:00:00,1083,6,SB_NS,2,South,31,0,,18163,129,0,27,0,3,1,0
2014-11-27 03:00:00,1083,7,Channel 7,2,South,0,0,,18163,0,0,0,0,0,0,0
2014-11-27 03:00:00,1083,8,Channel 8,2,South,0,0,,18163,0,0,0,0,0,0,0
2014-11-27 04:00:00,1083,1,NB_NS,1,North,38,0,,18121,105,1,33,0,4,0,0
2014-11-27 04:00:00,1083,2,NB_MID,1,North,40,0,,17868,0,0,40,0,0,0,0
2014-11-27 04:00:00,1083,3,NB_OS,1,North,14,0,,19306,0,0,14,0,0,0,0
2014-11-27 04:00:00,1083,4,SB_OS,1,North,11,0,,18939,0,0,11,0,0,0,0
2014-11-27 04:00:00,1083,5,SB_MID,2,South,37,0,,18784,0,1,36,0,0,0,0
2014-11-27 04:00:00,1083,6,SB_NS,2,South,43,0,,17274,93,2,37,0,3,1,0
2014-11-27 04:00:00,1083,7,Channel 7,2,South,0,0,,17274,0,0,0,0,0,0,0
2014-11-27 04:00:00,1083,8,Channel 8,2,South,0,0,,17274,0,0,0,0,0,0,0
2014-11-27 05:00:00,1083,1,NB_NS,1,North,152,0,,16402,33,6,139,0,5,0,2
2014-11-27 05:00:00,1083,2,NB_MID,1,North,100,0,,17464,80,2,88,1,8,0,1
2014-11-27 05:00:00,1083,3,NB_OS,1,North,43,0,,17390,0,0,43,0,0,0,0
2014-11-27 05:00:00,1083,4,SB_OS,1,North,57,0,,18865,53,2,51,0,3,0,1
2014-11-27 05:00:00,1083,5,SB_MID,2,South,83,0,,18283,36,3,77,0,3,0,0
2014-11-27 05:00:00,1083,6,SB_NS,2,South,117,0,,17849,43,2,110,0,2,3,0
2014-11-27 05:00:00,1083,7,Channel 7,2,South,0,0,,17849,0,0,0,0,0,0,0
2014-11-27 05:00:00,1083,8,Channel 8,2,South,0,0,,17849,0,0,0,0,0,0,0
2014-11-27 06:00:00,1083,1,NB_NS,1,North,329,0,,15844,33,1,307,2,9,2,8
2014-11-27 06:00:00,1083,2,NB_MID,1,North,411,0,,16727,19,3,399,1,8,0,0
2014-11-27 06:00:00,1083,3,NB_OS,1,North,387,0,,16702,18,2,378,0,7,0,0
2014-11-27 06:00:00,1083,4,SB_OS,1,North,211,0,,18486,19,6,199,1,4,0,1
2014-11-27 06:00:00,1083,5,SB_MID,2,South,272,0,,18106,48,20,239,0,13,0,0
2014-11-27 06:00:00,1083,6,SB_NS,2,South,279,0,,17481,50,10,251,0,11,3,4
2014-11-27 06:00:00,1083,7,Channel 7,2,South,0,0,,17481,0,0,0,0,0,0,0
2014-11-27 06:00:00,1083,8,Channel 8,2,South,0,0,,17481,0,0,0,0,0,0,0
2014-11-27 07:00:00,1083,1,NB_NS,1,North,764,0,,12005,30,15,717,0,20,3,9
2014-11-27 07:00:00,1083,2,NB_MID,1,North,1166,0,,10273,29,9,1118,1,32,2,3
2014-11-27 07:00:00,1083,3,NB_OS,1,North,1232,0,,10054,13,3,1211,0,16,0,2
2014-11-27 07:00:00,1083,4,SB_OS,1,North,530,0,,16595,17,14,506,0,8,1,1
2014-11-27 07:00:00,1083,5,SB_MID,2,South,579,0,,15950,24,17,546,1,14,0,1
2014-11-27 07:00:00,1083,6,SB_NS,2,South,795,0,,15597,39,9,746,0,29,2,9
2014-11-27 07:00:00,1083,7,Channel 7,2,South,0,0,,15597,0,0,0,0,0,0,0
2014-11-27 07:00:00,1083,8,Channel 8,2,South,0,0,,15597,0,0,0,0,0,0,0
2014-11-27 08:00:00,1083,1,NB_NS,1,North,883,0,,7732,23,7,841,0,19,1,14
2014-11-27 08:00:00,1083,2,NB_MID,1,North,1047,0,,6380,27,22,994,1,27,1,1
2014-11-27 08:00:00,1083,3,NB_OS,1,North,1078,0,,6844,19,6,1044,0,18,2,8
2014-11-27 08:00:00,1083,4,SB_OS,1,North,573,0,,15748,21,9,551,0,12,0,1
2014-11-27 08:00:00,1083,5,SB_MID,2,South,582,0,,15417,50,25,526,1,27,2,1
2014-11-27 08:00:00,1083,6,SB_NS,2,South,901,0,,15384,36,10,849,0,32,0,10
2014-11-27 08:00:00,1083,7,Channel 7,2,South,0,0,,15384,0,0,0,0,0,0,0
2014-11-27 08:00:00,1083,8,Channel 8,2,South,0,0,,15384,0,0,0,0,0,0,0
2014-11-27 09:00:00,1083,1,NB_NS,1,North,618,0,,13423,55,6,565,3,28,6,10
2014-11-27 09:00:00,1083,2,NB_MID,1,North,869,0,,13259,31,13,828,1,24,3,0
2014-11-27 09:00:00,1083,3,NB_OS,1,North,914,0,,13285,22,2,891,1,19,1,0
2014-11-27 09:00:00,1083,4,SB_OS,1,North,467,0,,17120,30,12,440,1,14,0,0
2014-11-27 09:00:00,1083,5,SB_MID,2,South,527,0,,16803,42,15,489,1,21,1,0
2014-11-27 09:00:00,1083,6,SB_NS,2,South,641,0,,16088,70,7,581,0,40,5,8
2014-11-27 09:00:00,1083,7,Channel 7,2,South,0,0,,16088,0,0,0,0,0,0,0
2014-11-27 09:00:00,1083,8,Channel 8,2,South,0,0,,16088,0,0,0,0,0,0,0
2014-11-27 10:00:00,1083,1,NB_NS,1,North,569,0,,14174,58,9,514,4,29,4,9
2014-11-27 10:00:00,1083,2,NB_MID,1,North,619,0,,15299,55,3,580,1,32,2,1
2014-11-27 10:00:00,1083,3,NB_OS,1,North,583,0,,16188,34,2,560,1,19,1,0
2014-11-27 10:00:00,1083,4,SB_OS,1,North,417,0,,16891,29,19,384,1,11,1,1
2014-11-27 10:00:00,1083,5,SB_MID,2,South,465,0,,16773,45,14,429,1,20,1,0
2014-11-27 10:00:00,1083,6,SB_NS,2,South,544,0,,16090,81,4,485,3,41,3,8
2014-11-27 10:00:00,1083,7,Channel 7,2,South,0,0,,16090,0,0,0,0,0,0,0
2014-11-27 10:00:00,1083,8,Channel 8,2,South,0,0,,16090,0,0,0,0,0,0,0
2014-11-27 11:00:00,1083,1,NB_NS,1,North,523,0,,14023,55,4,478,4,26,3,8
2014-11-27 11:00:00,1083,2,NB_MID,1,North,671,0,,15378,46,10,628,1,30,1,1
2014-11-27 11:00:00,1083,3,NB_OS,1,North,528,0,,15974,27,3,510,1,14,0,0
2014-11-27 11:00:00,1083,4,SB_OS,1,North,440,0,,16905,25,16,412,1,10,1,0
2014-11-27 11:00:00,1083,5,SB_MID,2,South,504,0,,16520,50,14,464,1,25,0,0
2014-11-27 11:00:00,1083,6,SB_NS,2,South,623,0,,15885,88,4,553,1,48,7,10
2014-11-27 11:00:00,1083,7,Channel 7,2,South,0,0,,15885,0,0,0,0,0,0,0
2014-11-27 11:00:00,1083,8,Channel 8,2,South,0,0,,15885,0,0,0,0,0,0,0
2014-11-27 12:00:00,1083,1,NB_NS,1,North,602,0,,14186,70,5,542,4,40,2,9
2014-11-27 12:00:00,1083,2,NB_MID,1,North,594,0,,15477,40,10,557,2,22,2,1
2014-11-27 12:00:00,1083,3,NB_OS,1,North,520,0,,16241,33,6,495,2,17,0,0
2014-11-27 12:00:00,1083,4,SB_OS,1,North,540,0,,16696,28,19,505,1,15,0,0
2014-11-27 12:00:00,1083,5,SB_MID,2,South,567,0,,16508,37,13,533,0,20,1,0
2014-11-27 12:00:00,1083,6,SB_NS,2,South,662,0,,15526,62,7,605,1,37,4,8
2014-11-27 12:00:00,1083,7,Channel 7,2,South,0,0,,15526,0,0,0,0,0,0,0
2014-11-27 12:00:00,1083,8,Channel 8,2,South,0,0,,15526,0,0,0,0,0,0,0
2014-11-27 13:00:00,1083,1,NB_NS,1,North,605,0,,14103,63,3,555,1,36,2,8
2014-11-27 13:00:00,1083,2,NB_MID,1,North,586,0,,15418,36,4,556,4,20,1,1
2014-11-27 13:00:00,1083,3,NB_OS,1,North,512,0,,16200,31,5,490,1,16,0,0
2014-11-27 13:00:00,1083,4,SB_OS,1,North,525,0,,16694,32,15,493,0,15,2,0
2014-11-27 13:00:00,1083,5,SB_MID,2,South,572,0,,16383,31,12,542,0,17,1,0
2014-11-27 13:00:00,1083,6,SB_NS,2,South,642,0,,15415,70,5,583,2,43,2,7
2014-11-27 13:00:00,1083,7,Channel 7,2,South,0,0,,15415,0,0,0,0,0,0,0
2014-11-27 13:00:00,1083,8,Channel 8,2,South,0,0,,15415,0,0,0,0,0,0,0
2014-11-27 14:00:00,1083,1,NB_NS,1,North,560,0,,14496,64,6,508,2,36,0,8
2014-11-27 14:00:00,1083,2,NB_MID,1,North,527,0,,15662,55,7,485,5,28,1,1
2014-11-27 14:00:00,1083,3,NB_OS,1,North,488,0,,16356,41,0,468,0,20,0,0
2014-11-27 14:00:00,1083,4,SB_OS,1,North,575,0,,16627,28,15,539,4,16,0,1
2014-11-27 14:00:00,1083,5,SB_MID,2,South,675,0,,16143,41,9,637,1,27,1,0
2014-11-27 14:00:00,1083,6,SB_NS,2,South,811,0,,15530,60,7,742,2,45,4,10
2014-11-27 14:00:00,1083,7,Channel 7,2,South,0,0,,15530,0,0,0,0,0,0,0
2014-11-27 14:00:00,1083,8,Channel 8,2,South,0,0,,15530,0,0,0,0,0,0,0
2014-11-27 15:00:00,1083,1,NB_NS,1,North,661,0,,13359,64,5,599,3,41,1,12
2014-11-27 15:00:00,1083,2,NB_MID,1,North,567,0,,14742,58,5,528,0,32,1,1
2014-11-27 15:00:00,1083,3,NB_OS,1,North,594,0,,15234,34,2,572,0,20,0,0
2014-11-27 15:00:00,1083,4,SB_OS,1,North,707,0,,15846,13,15,682,1,8,1,0
2014-11-27 15:00:00,1083,5,SB_MID,2,South,752,0,,15038,31,17,710,1,21,2,1
2014-11-27 15:00:00,1083,6,SB_NS,2,South,957,0,,14415,49,10,890,1,42,5,9
2014-11-27 15:00:00,1083,7,Channel 7,2,South,0,0,,14415,0,0,0,0,0,0,0
2014-11-27 15:00:00,1083,8,Channel 8,2,South,0,0,,14415,0,0,0,0,0,0,0
2014-11-27 16:00:00,1083,1,NB_NS,1,North,968,0,,9612,48,9,893,4,41,5,16
2014-11-27 16:00:00,1083,2,NB_MID,1,North,669,0,,12719,37,2,638,1,20,5,3
2014-11-27 16:00:00,1083,3,NB_OS,1,North,715,0,,13172,29,4,688,1,20,1,1
2014-11-27 16:00:00,1083,4,SB_OS,1,North,772,0,,15045,6,13,752,1,3,2,1
2014-11-27 16:00:00,1083,5,SB_MID,2,South,838,0,,14186,19,27,794,0,14,2,1
2014-11-27 16:00:00,1083,6,SB_NS,2,South,1361,0,,12545,28,9,1305,1,37,1,8
2014-11-27 16:00:00,1083,7,Channel 7,2,South,0,0,,12545,0,0,0,0,0,0,0
2014-11-27 16:00:00,1083,8,Channel 8,2,South,0,0,,12545,0,0,0,0,0,0,0
2014-11-27 17:00:00,1083,1,NB_NS,1,North,1124,0,,10093,29,4,1076,3,33,0,7
2014-11-27 17:00:00,1083,2,NB_MID,1,North,807,0,,13429,22,9,775,1,17,1,4
2014-11-27 17:00:00,1083,3,NB_OS,1,North,829,0,,14327,7,5,817,1,6,0,0
2014-11-27 17:00:00,1083,4,SB_OS,1,North,861,0,,14516,6,23,833,0,5,0,0
2014-11-27 17:00:00,1083,5,SB_MID,2,South,857,0,,13395,21,29,806,2,17,1,2
2014-11-27 17:00:00,1083,6,SB_NS,2,South,1290,0,,11748,17,6,1254,0,19,3,8
2014-11-27 17:00:00,1083,7,Channel 7,2,South,0,0,,11748,0,0,0,0,0,0,0
2014-11-27 17:00:00,1083,8,Channel 8,2,South,0,0,,11748,0,0,0,0,0,0,0
2014-11-27 18:00:00,1083,1,NB_NS,1,North,706,0,,13662,41,8,658,1,25,4,10
2014-11-27 18:00:00,1083,2,NB_MID,1,North,693,0,,14991,14,5,677,0,8,2,1
2014-11-27 18:00:00,1083,3,NB_OS,1,North,651,0,,15928,11,1,643,0,7,0,0
2014-11-27 18:00:00,1083,4,SB_OS,1,North,711,0,,15943,1,10,700,0,1,0,0
2014-11-27 18:00:00,1083,5,SB_MID,2,South,743,0,,14877,9,18,717,0,5,2,1
2014-11-27 18:00:00,1083,6,SB_NS,2,South,1028,0,,13789,15,11,989,1,14,1,12
2014-11-27 18:00:00,1083,7,Channel 7,2,South,0,0,,13789,0,0,0,0,0,0,0
2014-11-27 18:00:00,1083,8,Channel 8,2,South,0,0,,13789,0,0,0,0,0,0,0
2014-11-27 19:00:00,1083,1,NB_NS,1,North,449,0,,15115,18,3,433,0,6,2,5
2014-11-27 19:00:00,1083,2,NB_MID,1,North,463,0,,16166,13,2,453,0,5,1,1
2014-11-27 19:00:00,1083,3,NB_OS,1,North,461,0,,16688,15,1,452,1,7,0,0
2014-11-27 19:00:00,1083,4,SB_OS,1,North,481,0,,17054,8,8,469,0,4,0,0
2014-11-27 19:00:00,1083,5,SB_MID,2,South,600,0,,16417,7,12,582,2,4,0,0
2014-11-27 19:00:00,1083,6,SB_NS,2,South,653,0,,15710,6,7,635,0,4,0,7
2014-11-27 19:00:00,1083,7,Channel 7,2,South,0,0,,15710,0,0,0,0,0,0,0
2014-11-27 19:00:00,1083,8,Channel 8,2,South,0,0,,15710,0,0,0,0,0,0,0
2014-11-27 20:00:00,1083,1,NB_NS,1,North,327,0,,15904,15,2,315,0,4,1,5
2014-11-27 20:00:00,1083,2,NB_MID,1,North,344,0,,16819,3,4,338,1,1,0,0
2014-11-27 20:00:00,1083,3,NB_OS,1,North,265,0,,17620,0,2,263,0,0,0,0
2014-11-27 20:00:00,1083,4,SB_OS,1,North,329,0,,17936,3,8,319,0,1,0,1
2014-11-27 20:00:00,1083,5,SB_MID,2,South,412,0,,17271,0,16,396,0,0,0,0
2014-11-27 20:00:00,1083,6,SB_NS,2,South,457,0,,17084,15,5,441,0,4,3,4
2014-11-27 20:00:00,1083,7,Channel 7,2,South,0,0,,17084,0,0,0,0,0,0,0
2014-11-27 20:00:00,1083,8,Channel 8,2,South,0,0,,17084,0,0,0,0,0,0,0
2014-11-27 21:00:00,1083,1,NB_NS,1,North,252,0,,16268,8,3,243,1,2,0,3
2014-11-27 21:00:00,1083,2,NB_MID,1,North,288,0,,16950,10,2,283,0,1,2,0
2014-11-27 21:00:00,1083,3,NB_OS,1,North,222,0,,17565,23,2,215,0,5,0,0
2014-11-27 21:00:00,1083,4,SB_OS,1,North,210,0,,17528,10,3,205,0,2,0,0
2014-11-27 21:00:00,1083,5,SB_MID,2,South,332,0,,17810,6,6,324,0,2,0,0
2014-11-27 21:00:00,1083,6,SB_NS,2,South,362,0,,16796,17,1,352,0,4,2,3
2014-11-27 21:00:00,1083,7,Channel 7,2,South,0,0,,16796,0,0,0,0,0,0,0
2014-11-27 21:00:00,1083,8,Channel 8,2,South,0,0,,16796,0,0,0,0,0,0,0
2014-11-27 22:00:00,1083,1,NB_NS,1,North,325,0,,16010,22,0,315,0,5,2,3
2014-11-27 22:00:00,1083,2,NB_MID,1,North,235,0,,17521,17,2,229,0,4,0,0
2014-11-27 22:00:00,1083,3,NB_OS,1,North,127,0,,17688,0,0,127,0,0,0,0
2014-11-27 22:00:00,1083,4,SB_OS,1,North,176,0,,17719,6,3,172,0,1,0,0
2014-11-27 22:00:00,1083,5,SB_MID,2,South,298,0,,17107,7,10,286,0,2,0,0
2014-11-27 22:00:00,1083,6,SB_NS,2,South,322,0,,16757,12,3,309,0,3,1,6
2014-11-27 22:00:00,1083,7,Channel 7,2,South,0,0,,16757,0,0,0,0,0,0,0
2014-11-27 22:00:00,1083,8,Channel 8,2,South,0,0,,16757,0,0,0,0,0,0,0
2014-11-27 23:00:00,1083,1,NB_NS,1,North,189,0,,15497,26,0,181,0,4,1,3
2014-11-27 23:00:00,1083,2,NB_MID,1,North,192,0,,17473,5,0,189,1,1,0,1
2014-11-27 23:00:00,1083,3,NB_OS,1,North,91,0,,18169,0,1,90,0,0,0,0
2014-11-27 23:00:00,1083,4,SB_OS,1,North,80,0,,18302,0,5,75,0,0,0,0
2014-11-27 23:00:00,1083,5,SB_MID,2,South,167,0,,17770,6,7,159,0,1,0,0
2014-11-27 23:00:00,1083,6,SB_NS,2,South,178,0,,17600,28,2,166,0,4,1,5
2014-11-27 23:00:00,1083,7,Channel 7,2,South,0,0,,17600,0,0,0,0,0,0,0
2014-11-27 23:00:00,1083,8,Channel 8,2,South,0,0,,17600,0,0,0,0,0,0,0
2014-11-28 00:00:00,1083,1,NB_NS,1,North,99,0,,17006,40,0,93,0,3,1,2
2014-11-28 00:00:00,1083,2,NB_MID,1,North,134,0,,18039,45,1,127,0,4,2,0
2014-11-28 00:00:00,1083,3,NB_OS,1,North,37,0,,18656,27,0,36,0,1,0,0
2014-11-28 00:00:00,1083,4,SB_OS,1,North,52,0,,17863,38,3,47,0,2,0,0
2014-11-28 00:00:00,1083,5,SB_MID,2,South,106,0,,18821,9,3,102,0,1,0,0
2014-11-28 00:00:00,1083,6,SB_NS,2,South,139,0,,17952,0,0,136,0,0,0,3
2014-11-28 00:00:00,1083,7,Channel 7,2,South,0,0,,17952,0,0,0,0,0,0,0
2014-11-28 00:00:00,1083,8,Channel 8,2,South,0,0,,17952,0,0,0,0,0,0,0
2014-11-28 01:00:00,1083,1,NB_NS,1,North,34,0,,17369,29,1,32,0,1,0,0
2014-11-28 01:00:00,1083,2,NB_MID,1,North,90,0,,17985,33,1,86,0,3,0,0
2014-11-28 01:00:00,1083,3,NB_OS,1,North,24,0,,17940,0,0,24,0,0,0,0
2014-11-28 01:00:00,1083,4,SB_OS,1,North,20,0,,17292,100,0,18,0,1,1,0
2014-11-28 01:00:00,1083,5,SB_MID,2,South,83,0,,19066,0,0,83,0,0,0,0
2014-11-28 01:00:00,1083,6,SB_NS,2,South,72,0,,18036,14,1,70,0,1,0,0
2014-11-28 01:00:00,1083,7,Channel 7,2,South,0,0,,18036,0,0,0,0,0,0,0
2014-11-28 01:00:00,1083,8,Channel 8,2,South,0,0,,18036,0,0,0,0,0,0,0
2014-11-28 02:00:00,1083,1,NB_NS,1,North,32,0,,17196,62,1,29,0,2,0,0
2014-11-28 02:00:00,1083,2,NB_MID,1,North,54,0,,17803,37,0,52,0,2,0,0
2014-11-28 02:00:00,1083,3,NB_OS,1,North,6,0,,17315,0,0,6,0,0,0,0
2014-11-28 02:00:00,1083,4,SB_OS,1,North,10,0,,18778,100,0,9,0,1,0,0
2014-11-28 02:00:00,1083,5,SB_MID,2,South,40,0,,18590,50,0,38,0,2,0,0
2014-11-28 02:00:00,1083,6,SB_NS,2,South,45,0,,17278,44,1,42,0,2,0,0
2014-11-28 02:00:00,1083,7,Channel 7,2,South,0,0,,17278,0,0,0,0,0,0,0
2014-11-28 02:00:00,1083,8,Channel 8,2,South,0,0,,17278,0,0,0,0,0,0,0
2014-11-28 03:00:00,1083,1,NB_NS,1,North,27,0,,16317,74,1,24,0,1,1,0
2014-11-28 03:00:00,1083,2,NB_MID,1,North,46,0,,18883,87,0,42,0,3,1,0
2014-11-28 03:00:00,1083,3,NB_OS,1,North,8,0,,17500,0,0,8,0,0,0,0
2014-11-28 03:00:00,1083,4,SB_OS,1,North,13,0,,20256,77,1,11,0,1,0,0
2014-11-28 03:00:00,1083,5,SB_MID,2,South,37,0,,19820,54,0,35,0,2,0,0
2014-11-28 03:00:00,1083,6,SB_NS,2,South,50,0,,18395,60,0,47,0,3,0,0
2014-11-28 03:00:00,1083,7,Channel 7,2,South,0,0,,18395,0,0,0,0,0,0,0
2014-11-28 03:00:00,1083,8,Channel 8,2,South,0,0,,18395,0,0,0,0,0,0,0
2014-11-28 04:00:00,1083,1,NB_NS,1,North,42,0,,15979,48,2,38,0,2,0,0
2014-11-28 04:00:00,1083,2,NB_MID,1,North,50,0,,17744,80,0,46,0,4,0,0
2014-11-28 04:00:00,1083,3,NB_OS,1,North,15,0,,17611,0,0,15,0,0,0,0
2014-11-28 04:00:00,1083,4,SB_OS,1,North,18,0,,17994,56,1,16,0,0,1,0
2014-11-28 04:00:00,1083,5,SB_MID,2,South,34,0,,19714,147,0,29,0,5,0,0
2014-11-28 04:00:00,1083,6,SB_NS,2,South,34,0,,17614,59,1,30,0,1,1,1
2014-11-28 04:00:00,1083,7,Channel 7,2,South,0,0,,17614,0,0,0,0,0,0,0
2014-11-28 04:00:00,1083,8,Channel 8,2,South,0,0,,17614,0,0,0,0,0,0,0
2014-11-28 05:00:00,1083,1,NB_NS,1,North,140,0,,16734,36,2,131,1,3,2,1
2014-11-28 05:00:00,1083,2,NB_MID,1,North,112,0,,17507,71,2,102,0,6,2,0
2014-11-28 05:00:00,1083,3,NB_OS,1,North,53,0,,17820,0,0,53,0,0,0,0
2014-11-28 05:00:00,1083,4,SB_OS,1,North,60,0,,18403,17,0,58,0,1,0,1
2014-11-28 05:00:00,1083,5,SB_MID,2,South,85,0,,17954,24,5,78,0,2,0,0
2014-11-28 05:00:00,1083,6,SB_NS,2,South,110,0,,17942,55,0,104,0,5,1,0
2014-11-28 05:00:00,1083,7,Channel 7,2,South,0,0,,17942,0,0,0,0,0,0,0
2014-11-28 05:00:00,1083,8,Channel 8,2,South,0,0,,17942,0,0,0,0,0,0,0
2014-11-28 06:00:00,1083,1,NB_NS,1,North,291,0,,16225,48,4,264,0,14,0,9
2014-11-28 06:00:00,1083,2,NB_MID,1,North,362,0,,17101,41,3,341,1,13,2,2
2014-11-28 06:00:00,1083,3,NB_OS,1,North,349,0,,17721,26,1,339,0,9,0,0
2014-11-28 06:00:00,1083,4,SB_OS,1,North,183,0,,18836,11,4,177,0,2,0,0
2014-11-28 06:00:00,1083,5,SB_MID,2,South,232,0,,18226,60,9,208,0,11,3,1
2014-11-28 06:00:00,1083,6,SB_NS,2,South,298,0,,17911,57,2,275,0,13,4,4
2014-11-28 06:00:00,1083,7,Channel 7,2,South,0,0,,17911,0,0,0,0,0,0,0
2014-11-28 06:00:00,1083,8,Channel 8,2,South,0,0,,17911,0,0,0,0,0,0,0
2014-11-28 07:00:00,1083,1,NB_NS,1,North,796,0,,11252,39,6,746,0,25,6,13
2014-11-28 07:00:00,1083,2,NB_MID,1,North,1121,0,,10567,26,12,1077,2,28,1,1
2014-11-28 07:00:00,1083,3,NB_OS,1,North,1208,0,,10447,21,4,1174,2,22,3,3
2014-11-28 07:00:00,1083,4,SB_OS,1,North,539,0,,16834,22,14,512,1,11,1,0
2014-11-28 07:00:00,1083,5,SB_MID,2,South,538,0,,16295,39,15,501,0,19,2,1
2014-11-28 07:00:00,1083,6,SB_NS,2,South,779,0,,15634,45,9,721,1,30,5,13
2014-11-28 07:00:00,1083,7,Channel 7,2,South,0,0,,15634,0,0,0,0,0,0,0
2014-11-28 07:00:00,1083,8,Channel 8,2,South,0,0,,15634,0,0,0,0,0,0,0
2014-11-28 08:00:00,1083,1,NB_NS,1,North,759,0,,12586,21,10,721,2,15,1,10
2014-11-28 08:00:00,1083,2,NB_MID,1,North,937,0,,11625,34,9,893,1,26,6,2
2014-11-28 08:00:00,1083,3,NB_OS,1,North,1054,0,,12160,23,3,1025,2,23,1,0
2014-11-28 08:00:00,1083,4,SB_OS,1,North,539,0,,17001,20,10,518,0,10,1,0
2014-11-28 08:00:00,1083,5,SB_MID,2,South,573,0,,16360,31,13,540,1,15,3,1
2014-11-28 08:00:00,1083,6,SB_NS,2,South,886,0,,15575,34,10,832,2,27,3,12
2014-11-28 08:00:00,1083,7,Channel 7,2,South,0,0,,15575,0,0,0,0,0,0,0
2014-11-28 08:00:00,1083,8,Channel 8,2,South,0,0,,15575,0,0,0,0,0,0,0
2014-11-28 09:00:00,1083,1,NB_NS,1,North,597,0,,14298,59,6,546,2,30,5,8
2014-11-28 09:00:00,1083,2,NB_MID,1,North,793,0,,14938,58,5,740,1,39,7,0
2014-11-28 09:00:00,1083,3,NB_OS,1,North,852,0,,15401,29,1,824,1,25,0,1
2014-11-28 09:00:00,1083,4,SB_OS,1,North,440,0,,17568,32,9,417,0,14,0,0
2014-11-28 09:00:00,1083,5,SB_MID,2,South,523,0,,16702,59,18,472,2,31,0,0
2014-11-28 09:00:00,1083,6,SB_NS,2,South,665,0,,16223,66,7,604,3,38,6,7
2014-11-28 09:00:00,1083,7,Channel 7,2,South,0,0,,16223,0,0,0,0,0,0,0
2014-11-28 09:00:00,1083,8,Channel 8,2,South,0,0,,16223,0,0,0,0,0,0,0
2014-11-28 10:00:00,1083,1,NB_NS,1,North,567,0,,14024,55,9,515,3,24,7,9
2014-11-28 10:00:00,1083,2,NB_MID,1,North,691,0,,15338,52,5,648,0,34,2,2
2014-11-28 10:00:00,1083,3,NB_OS,1,North,578,0,,16078,22,1,562,0,13,0,2
2014-11-28 10:00:00,1083,4,SB_OS,1,North,392,0,,17118,28,6,372,2,10,1,1
2014-11-28 10:00:00,1083,5,SB_MID,2,South,485,0,,16840,43,7,456,1,19,2,0
2014-11-28 10:00:00,1083,6,SB_NS,2,South,590,0,,15685,78,4,527,3,38,8,10
2014-11-28 10:00:00,1083,7,Channel 7,2,South,0,0,,15685,0,0,0,0,0,0,0
2014-11-28 10:00:00,1083,8,Channel 8,2,South,0,0,,15685,0,0,0,0,0,0,0
2014-11-28 11:00:00,1083,1,NB_NS,1,North,578,0,,14263,50,10,530,2,28,1,7
2014-11-28 11:00:00,1083,2,NB_MID,1,North,653,0,,15348,63,11,600,1,40,1,0
2014-11-28 11:00:00,1083,3,NB_OS,1,North,533,0,,16425,32,6,509,1,17,0,0
2014-11-28 11:00:00,1083,4,SB_OS,1,North,511,0,,16799,31,23,467,5,15,1,0
2014-11-28 11:00:00,1083,5,SB_MID,2,South,557,0,,16517,54,11,516,0,27,3,0
2014-11-28 11:00:00,1083,6,SB_NS,2,South,660,0,,15862,71,6,594,2,43,4,11
2014-11-28 11:00:00,1083,7,Channel 7,2,South,0,0,,15862,0,0,0,0,0,0,0
2014-11-28 11:00:00,1083,8,Channel 8,2,South,0,0,,15862,0,0,0,0,0,0,0
2014-11-28 12:00:00,1083,1,NB_NS,1,North,581,0,,14118,76,9,518,2,35,9,8
2014-11-28 12:00:00,1083,2,NB_MID,1,North,671,0,,15444,64,8,618,1,39,4,1
2014-11-28 12:00:00,1083,3,NB_OS,1,North,605,0,,16352,30,0,586,1,18,0,0
2014-11-28 12:00:00,1083,4,SB_OS,1,North,530,0,,17321,34,16,494,2,18,0,0
2014-11-28 12:00:00,1083,5,SB_MID,2,South,605,0,,16493,25,12,577,1,14,1,0
2014-11-28 12:00:00,1083,6,SB_NS,2,South,718,0,,15804,53,7,665,0,29,9,8
2014-11-28 12:00:00,1083,7,Channel 7,2,South,0,0,,15804,0,0,0,0,0,0,0
2014-11-28 12:00:00,1083,8,Channel 8,2,South,0,0,,15804,0,0,0,0,0,0,0
2014-11-28 13:00:00,1083,1,NB_NS,1,North,608,0,,14451,58,6,556,2,30,5,9
2014-11-28 13:00:00,1083,2,NB_MID,1,North,637,0,,15554,49,7,597,1,27,4,1
2014-11-28 13:00:00,1083,3,NB_OS,1,North,531,0,,16663,32,2,512,0,17,0,0
2014-11-28 13:00:00,1083,4,SB_OS,1,North,598,0,,16580,25,12,570,1,15,0,0
2014-11-28 13:00:00,1083,5,SB_MID,2,South,644,0,,16364,40,11,605,2,25,1,0
2014-11-28 13:00:00,1083,6,SB_NS,2,South,750,0,,15895,64,4,688,1,40,8,9
2014-11-28 13:00:00,1083,7,Channel 7,2,South,0,0,,15895,0,0,0,0,0,0,0
2014-11-28 13:00:00,1083,8,Channel 8,2,South,0,0,,15895,0,0,0,0,0,0,0
2014-11-28 14:00:00,1083,1,NB_NS,1,North,664,0,,14147,59,10,601,5,35,4,9
2014-11-28 14:00:00,1083,2,NB_MID,1,North,551,0,,15531,54,7,511,2,26,4,1
2014-11-28 14:00:00,1083,3,NB_OS,1,North,582,0,,16489,26,4,561,1,15,0,1
2014-11-28 14:00:00,1083,4,SB_OS,1,North,724,0,,16313,29,20,683,0,20,1,0
2014-11-28 14:00:00,1083,5,SB_MID,2,South,800,0,,15995,41,16,749,2,29,4,0
2014-11-28 14:00:00,1083,6,SB_NS,2,South,893,0,,15040,57,9,820,2,40,11,11
2014-11-28 14:00:00,1083,7,Channel 7,2,South,0,0,,15040,0,0,0,0,0,0,0
2014-11-28 14:00:00,1083,8,Channel 8,2,South,0,0,,15040,0,0,0,0,0,0,0
2014-11-28 15:00:00,1083,1,NB_NS,1,North,787,0,,13020,62,3,720,4,48,1,11
2014-11-28 15:00:00,1083,2,NB_MID,1,North,665,0,,14690,59,10,613,2,36,3,1
2014-11-28 15:00:00,1083,3,NB_OS,1,North,637,0,,15036,33,1,612,0,19,2,3
2014-11-28 15:00:00,1083,4,SB_OS,1,North,816,0,,15813,21,17,782,0,15,2,0
2014-11-28 15:00:00,1083,5,SB_MID,2,South,871,0,,15032,20,24,829,1,15,2,0
2014-11-28 15:00:00,1083,6,SB_NS,2,South,1203,0,,14260,28,9,1152,2,25,9,6
2014-11-28 15:00:00,1083,7,Channel 7,2,South,0,0,,14260,0,0,0,0,0,0,0
2014-11-28 15:00:00,1083,8,Channel 8,2,South,0,0,,14260,0,0,0,0,0,0,0
2014-11-28 16:00:00,1083,1,NB_NS,1,North,982,0,,8060,49,6,909,3,43,5,16
2014-11-28 16:00:00,1083,2,NB_MID,1,North,788,0,,11829,46,9,737,3,31,5,3
2014-11-28 16:00:00,1083,3,NB_OS,1,North,792,0,,13646,33,4,759,2,21,5,0
2014-11-28 16:00:00,1083,4,SB_OS,1,North,765,0,,15324,9,15,741,2,7,0,0
2014-11-28 16:00:00,1083,5,SB_MID,2,South,865,0,,13890,21,13,832,0,16,2,2
2014-11-28 16:00:00,1083,6,SB_NS,2,South,1252,0,,12447,21,6,1209,2,20,6,9
2014-11-28 16:00:00,1083,7,Channel 7,2,South,0,0,,12447,0,0,0,0,0,0,0
2014-11-28 16:00:00,1083,8,Channel 8,2,South,0,0,,12447,0,0,0,0,0,0,0
2014-11-28 17:00:00,1083,1,NB_NS,1,North,972,0,,7815,53,6,901,2,45,7,11
2014-11-28 17:00:00,1083,2,NB_MID,1,North,881,0,,11563,30,7,845,2,22,4,1
2014-11-28 17:00:00,1083,3,NB_OS,1,North,833,0,,12831,20,6,809,0,17,0,1
2014-11-28 17:00:00,1083,4,SB_OS,1,North,826,0,,15206,5,30,792,0,4,0,0
2014-11-28 17:00:00,1083,5,SB_MID,2,South,825,0,,13791,21,24,783,1,16,1,0
2014-11-28 17:00:00,1083,6,SB_NS,2,South,1214,0,,12547,15,9,1178,0,15,3,9
2014-11-28 17:00:00,1083,7,Channel 7,2,South,0,0,,12547,0,0,0,0,0,0,0
2014-11-28 17:00:00,1083,8,Channel 8,2,South,0,0,,12547,0,0,0,0,0,0,0
2014-11-28 18:00:00,1083,1,NB_NS,1,North,818,0,,12999,26,1,785,1,21,0,10
2014-11-28 18:00:00,1083,2,NB_MID,1,North,748,0,,14887,13,5,731,1,8,2,1
2014-11-28 18:00:00,1083,3,NB_OS,1,North,663,0,,15634,9,3,654,0,6,0,0
2014-11-28 18:00:00,1083,4,SB_OS,1,North,629,0,,16488,5,22,603,0,3,0,1
2014-11-28 18:00:00,1083,5,SB_MID,2,South,678,0,,16126,7,23,650,0,5,0,0
2014-11-28 18:00:00,1083,6,SB_NS,2,South,882,0,,14678,12,6,851,1,11,0,13
2014-11-28 18:00:00,1083,7,Channel 7,2,South,0,0,,14678,0,0,0,0,0,0,0
2014-11-28 18:00:00,1083,8,Channel 8,2,South,0,0,,14678,0,0,0,0,0,0,0
2014-11-28 19:00:00,1083,1,NB_NS,1,North,428,0,,15620,19,2,411,0,8,0,7
2014-11-28 19:00:00,1083,2,NB_MID,1,North,521,0,,16329,23,4,504,1,12,0,0
2014-11-28 19:00:00,1083,3,NB_OS,1,North,455,0,,17250,7,0,452,0,3,0,0
2014-11-28 19:00:00,1083,4,SB_OS,1,North,445,0,,17053,11,13,425,1,5,0,1
2014-11-28 19:00:00,1083,5,SB_MID,2,South,568,0,,16911,16,15,544,0,7,2,0
2014-11-28 19:00:00,1083,6,SB_NS,2,South,619,0,,16487,21,6,593,0,12,1,7
2014-11-28 19:00:00,1083,7,Channel 7,2,South,0,0,,16487,0,0,0,0,0,0,0
2014-11-28 19:00:00,1083,8,Channel 8,2,South,0,0,,16487,0,0,0,0,0,0,0
2014-11-28 20:00:00,1083,1,NB_NS,1,North,307,0,,16019,16,2,296,0,5,0,4
2014-11-28 20:00:00,1083,2,NB_MID,1,North,357,0,,17234,14,4,348,0,4,1,0
2014-11-28 20:00:00,1083,3,NB_OS,1,North,300,0,,17644,13,3,293,0,4,0,0
2014-11-28 20:00:00,1083,4,SB_OS,1,North,301,0,,17937,7,10,289,0,2,0,0
2014-11-28 20:00:00,1083,5,SB_MID,2,South,364,0,,17669,3,10,353,0,0,1,0
2014-11-28 20:00:00,1083,6,SB_NS,2,South,419,0,,17352,12,3,407,0,4,1,4
2014-11-28 20:00:00,1083,7,Channel 7,2,South,0,0,,17352,0,0,0,0,0,0,0
2014-11-28 20:00:00,1083,8,Channel 8,2,South,0,0,,17352,0,0,0,0,0,0,0
2014-11-28 21:00:00,1083,1,NB_NS,1,North,239,0,,16227,21,2,228,0,4,1,4
2014-11-28 21:00:00,1083,2,NB_MID,1,North,306,0,,17161,16,2,299,0,5,0,0
2014-11-28 21:00:00,1083,3,NB_OS,1,North,200,0,,17950,10,2,196,0,2,0,0
2014-11-28 21:00:00,1083,4,SB_OS,1,North,229,0,,18064,0,6,223,0,0,0,0
2014-11-28 21:00:00,1083,5,SB_MID,2,South,302,0,,17591,17,5,292,0,5,0,0
2014-11-28 21:00:00,1083,6,SB_NS,2,South,349,0,,17040,6,2,341,0,1,1,4
2014-11-28 21:00:00,1083,7,Channel 7,2,South,0,0,,17040,0,0,0,0,0,0,0
2014-11-28 21:00:00,1083,8,Channel 8,2,South,0,0,,17040,0,0,0,0,0,0,0
2014-11-28 22:00:00,1083,1,NB_NS,1,North,194,0,,16058,21,2,184,0,4,0,4
2014-11-28 22:00:00,1083,2,NB_MID,1,North,256,0,,17243,12,4,249,0,3,0,0
2014-11-28 22:00:00,1083,3,NB_OS,1,North,154,0,,17809,13,1,151,0,2,0,0
2014-11-28 22:00:00,1083,4,SB_OS,1,North,201,0,,17931,5,8,192,0,1,0,0
2014-11-28 22:00:00,1083,5,SB_MID,2,South,304,0,,17836,3,4,299,0,1,0,0
2014-11-28 22:00:00,1083,6,SB_NS,2,South,360,0,,16869,6,5,349,0,1,1,4
2014-11-28 22:00:00,1083,7,Channel 7,2,South,0,0,,16869,0,0,0,0,0,0,0
2014-11-28 22:00:00,1083,8,Channel 8,2,South,0,0,,16869,0,0,0,0,0,0,0
2014-11-28 23:00:00,1083,1,NB_NS,1,North,157,0,,16254,19,1,149,0,1,2,4
2014-11-28 23:00:00,1083,2,NB_MID,1,North,239,0,,17080,21,3,230,1,4,1,0
2014-11-28 23:00:00,1083,3,NB_OS,1,North,116,0,,17538,0,1,115,0,0,0,0
2014-11-28 23:00:00,1083,4,SB_OS,1,North,151,0,,18017,0,3,148,0,0,0,0
2014-11-28 23:00:00,1083,5,SB_MID,2,South,273,0,,17988,4,3,269,0,1,0,0
2014-11-28 23:00:00,1083,6,SB_NS,2,South,265,0,,17039,11,1,255,0,3,0,6
2014-11-28 23:00:00,1083,7,Channel 7,2,South,0,0,,17039,0,0,0,0,0,0,0
2014-11-28 23:00:00,1083,8,Channel 8,2,South,0,0,,17039,0,0,0,0,0,0,0
2014-11-29 00:00:00,1083,1,NB_NS,1,North,135,0,,17206,7,2,131,0,1,0,1
2014-11-29 00:00:00,1083,2,NB_MID,1,North,179,0,,17124,0,1,178,0,0,0,0
2014-11-29 00:00:00,1083,3,NB_OS,1,North,76,0,,17708,0,0,76,0,0,0,0
2014-11-29 00:00:00,1083,4,SB_OS,1,North,87,0,,18729,0,1,86,0,0,0,0
2014-11-29 00:00:00,1083,5,SB_MID,2,South,215,0,,18270,5,0,214,0,1,0,0
2014-11-29 00:00:00,1083,6,SB_NS,2,South,210,0,,17308,10,2,204,0,1,1,2
2014-11-29 00:00:00,1083,7,Channel 7,2,South,0,0,,17308,0,0,0,0,0,0,0
2014-11-29 00:00:00,1083,8,Channel 8,2,South,0,0,,17308,0,0,0,0,0,0,0
2014-11-29 01:00:00,1083,1,NB_NS,1,North,66,0,,16048,15,0,64,0,0,1,1
2014-11-29 01:00:00,1083,2,NB_MID,1,North,177,0,,17663,0,2,172,0,0,0,3
2014-11-29 01:00:00,1083,3,NB_OS,1,North,70,0,,18595,0,0,70,0,0,0,0
2014-11-29 01:00:00,1083,4,SB_OS,1,North,56,0,,18671,54,0,53,0,3,0,0
2014-11-29 01:00:00,1083,5,SB_MID,2,South,151,0,,18834,0,0,151,0,0,0,0
2014-11-29 01:00:00,1083,6,SB_NS,2,South,174,0,,17862,0,1,170,0,0,0,3
2014-11-29 01:00:00,1083,7,Channel 7,2,South,0,0,,17862,0,0,0,0,0,0,0
2014-11-29 01:00:00,1083,8,Channel 8,2,South,0,0,,17862,0,0,0,0,0,0,0
2014-11-29 02:00:00,1083,1,NB_NS,1,North,75,0,,17589,40,1,71,0,3,0,0
2014-11-29 02:00:00,1083,2,NB_MID,1,North,136,0,,17980,0,1,134,0,0,0,1
2014-11-29 02:00:00,1083,3,NB_OS,1,North,28,0,,17877,36,0,27,0,1,0,0
2014-11-29 02:00:00,1083,4,SB_OS,1,North,38,0,,18611,0,1,37,0,0,0,0
2014-11-29 02:00:00,1083,5,SB_MID,2,South,118,0,,18738,8,1,116,0,1,0,0
2014-11-29 02:00:00,1083,6,SB_NS,2,South,126,0,,17313,24,0,121,0,3,0,2
2014-11-29 02:00:00,1083,7,Channel 7,2,South,0,0,,17313,0,0,0,0,0,0,0
2014-11-29 02:00:00,1083,8,Channel 8,2,South,0,0,,17313,0,0,0,0,0,0,0
2014-11-29 03:00:00,1083,1,NB_NS,1,North,57,0,,16915,53,1,53,0,1,2,0
2014-11-29 03:00:00,1083,2,NB_MID,1,North,132,0,,17321,38,0,127,0,5,0,0
2014-11-29 03:00:00,1083,3,NB_OS,1,North,24,0,,19329,0,0,24,0,0,0,0
2014-11-29 03:00:00,1083,4,SB_OS,1,North,34,0,,20131,29,2,31,0,1,0,0
2014-11-29 03:00:00,1083,5,SB_MID,2,South,129,0,,19451,16,3,124,0,2,0,0
2014-11-29 03:00:00,1083,6,SB_NS,2,South,103,0,,17613,58,2,94,0,6,0,1
2014-11-29 03:00:00,1083,7,Channel 7,2,South,0,0,,17613,0,0,0,0,0,0,0
2014-11-29 03:00:00,1083,8,Channel 8,2,South,0,0,,17613,0,0,0,0,0,0,0
2014-11-29 04:00:00,1083,1,NB_NS,1,North,57,0,,16701,18,0,56,0,1,0,0
2014-11-29 04:00:00,1083,2,NB_MID,1,North,93,0,,17267,11,2,90,0,1,0,0
2014-11-29 04:00:00,1083,3,NB_OS,1,North,19,0,,19722,53,0,18,0,1,0,0
2014-11-29 04:00:00,1083,4,SB_OS,1,North,23,0,,19432,0,2,21,0,0,0,0
2014-11-29 04:00:00,1083,5,SB_MID,2,South,91,0,,19090,0,0,91,0,0,0,0
2014-11-29 04:00:00,1083,6,SB_NS,2,South,80,0,,18087,50,1,75,0,3,1,0
2014-11-29 04:00:00,1083,7,Channel 7,2,South,0,0,,18087,0,0,0,0,0,0,0
2014-11-29 04:00:00,1083,8,Channel 8,2,South,0,0,,18087,0,0,0,0,0,0,0
2014-11-29 05:00:00,1083,1,NB_NS,1,North,80,0,,16941,0,2,78,0,0,0,0
2014-11-29 05:00:00,1083,2,NB_MID,1,North,95,0,,17550,53,1,88,1,5,0,0
2014-11-29 05:00:00,1083,3,NB_OS,1,North,32,0,,18672,0,1,31,0,0,0,0
2014-11-29 05:00:00,1083,4,SB_OS,1,North,42,0,,18472,0,3,39,0,0,0,0
2014-11-29 05:00:00,1083,5,SB_MID,2,South,79,0,,19047,0,4,74,1,0,0,0
2014-11-29 05:00:00,1083,6,SB_NS,2,South,100,0,,18989,30,0,97,0,3,0,0
2014-11-29 05:00:00,1083,7,Channel 7,2,South,0,0,,18989,0,0,0,0,0,0,0
2014-11-29 05:00:00,1083,8,Channel 8,2,South,0,0,,18989,0,0,0,0,0,0,0
2014-11-29 06:00:00,1083,1,NB_NS,1,North,111,0,,16837,36,3,100,1,4,0,3
2014-11-29 06:00:00,1083,2,NB_MID,1,North,158,0,,17560,76,2,144,0,10,2,0
2014-11-29 06:00:00,1083,3,NB_OS,1,North,78,0,,18138,13,0,77,0,1,0,0
2014-11-29 06:00:00,1083,4,SB_OS,1,North,66,0,,18443,45,2,61,0,3,0,0
2014-11-29 06:00:00,1083,5,SB_MID,2,South,132,0,,18405,68,3,119,0,8,1,1
2014-11-29 06:00:00,1083,6,SB_NS,2,South,153,0,,18105,39,2,144,1,6,0,0
2014-11-29 06:00:00,1083,7,Channel 7,2,South,0,0,,18105,0,0,0,0,0,0,0
2014-11-29 06:00:00,1083,8,Channel 8,2,South,0,0,,18105,0,0,0,0,0,0,0
2014-11-29 07:00:00,1083,1,NB_NS,1,North,201,0,,16454,55,2,185,0,11,0,3
2014-11-29 07:00:00,1083,2,NB_MID,1,North,238,0,,16947,76,0,219,1,17,1,0
2014-11-29 07:00:00,1083,3,NB_OS,1,North,196,0,,17578,36,0,189,0,7,0,0
2014-11-29 07:00:00,1083,4,SB_OS,1,North,143,0,,18050,28,6,133,0,3,1,0
2014-11-29 07:00:00,1083,5,SB_MID,2,South,197,0,,17489,15,6,188,0,2,1,0
2014-11-29 07:00:00,1083,6,SB_NS,2,South,243,0,,17201,41,5,223,2,8,2,3
2014-11-29 07:00:00,1083,7,Channel 7,2,South,0,0,,17201,0,0,0,0,0,0,0
2014-11-29 07:00:00,1083,8,Channel 8,2,South,0,0,,17201,0,0,0,0,0,0,0
2014-11-29 08:00:00,1083,1,NB_NS,1,North,315,0,,15380,35,4,292,2,10,1,6
2014-11-29 08:00:00,1083,2,NB_MID,1,North,441,0,,16575,39,3,421,0,17,0,0
2014-11-29 08:00:00,1083,3,NB_OS,1,North,395,0,,17751,13,4,384,1,5,0,1
2014-11-29 08:00:00,1083,4,SB_OS,1,North,236,0,,18167,13,8,224,1,3,0,0
2014-11-29 08:00:00,1083,5,SB_MID,2,South,325,0,,17922,37,17,296,0,12,0,0
2014-11-29 08:00:00,1083,6,SB_NS,2,South,372,0,,17392,56,7,341,0,19,2,3
2014-11-29 08:00:00,1083,7,Channel 7,2,South,0,0,,17392,0,0,0,0,0,0,0
2014-11-29 08:00:00,1083,8,Channel 8,2,South,0,0,,17392,0,0,0,0,0,0,0
2014-11-29 09:00:00,1083,1,NB_NS,1,North,443,0,,14641,18,6,419,3,8,0,7
2014-11-29 09:00:00,1083,2,NB_MID,1,North,564,0,,16054,35,2,538,2,18,2,2
2014-11-29 09:00:00,1083,3,NB_OS,1,North,456,0,,17108,26,1,440,2,11,1,1
2014-11-29 09:00:00,1083,4,SB_OS,1,North,367,0,,17583,14,9,352,1,5,0,0
2014-11-29 09:00:00,1083,5,SB_MID,2,South,406,0,,17469,25,10,383,2,9,1,1
2014-11-29 09:00:00,1083,6,SB_NS,2,South,457,0,,16726,46,6,420,2,20,1,8
2014-11-29 09:00:00,1083,7,Channel 7,2,South,0,0,,16726,0,0,0,0,0,0,0
2014-11-29 09:00:00,1083,8,Channel 8,2,South,0,0,,16726,0,0,0,0,0,0,0
2014-11-29 10:00:00,1083,1,NB_NS,1,North,566,0,,14269,28,10,528,4,16,0,8
2014-11-29 10:00:00,1083,2,NB_MID,1,North,660,0,,15563,23,8,636,0,15,0,0
2014-11-29 10:00:00,1083,3,NB_OS,1,North,542,0,,16476,20,3,528,0,11,0,0
2014-11-29 10:00:00,1083,4,SB_OS,1,North,462,0,,17411,11,18,438,1,5,0,0
2014-11-29 10:00:00,1083,5,SB_MID,2,South,569,0,,17065,19,15,542,1,11,0,0
2014-11-29 10:00:00,1083,6,SB_NS,2,South,549,0,,16139,22,3,526,3,11,1,5
2014-11-29 10:00:00,1083,7,Channel 7,2,South,0,0,,16139,0,0,0,0,0,0,0
2014-11-29 10:00:00,1083,8,Channel 8,2,South,0,0,,16139,0,0,0,0,0,0,0
2014-11-29 11:00:00,1083,1,NB_NS,1,North,641,0,,14241,37,5,598,3,22,2,11
2014-11-29 11:00:00,1083,2,NB_MID,1,North,806,0,,15085,27,12,768,0,20,2,4
2014-11-29 11:00:00,1083,3,NB_OS,1,North,701,0,,16154,17,1,688,0,12,0,0
2014-11-29 11:00:00,1083,4,SB_OS,1,North,564,0,,16910,11,12,545,1,6,0,0
2014-11-29 11:00:00,1083,5,SB_MID,2,South,583,0,,16503,21,11,559,1,12,0,0
2014-11-29 11:00:00,1083,6,SB_NS,2,South,653,0,,15916,29,5,619,1,17,2,9
2014-11-29 11:00:00,1083,7,Channel 7,2,South,0,0,,15916,0,0,0,0,0,0,0
2014-11-29 11:00:00,1083,8,Channel 8,2,South,0,0,,15916,0,0,0,0,0,0,0
2014-11-29 12:00:00,1083,1,NB_NS,1,North,800,0,,12768,19,8,764,2,15,0,11
2014-11-29 12:00:00,1083,2,NB_MID,1,North,955,0,,12208,22,7,915,1,19,2,11
2014-11-29 12:00:00,1083,3,NB_OS,1,North,914,0,,12643,19,3,891,1,14,3,1
2014-11-29 12:00:00,1083,4,SB_OS,1,North,553,0,,16643,9,8,539,1,3,2,0
2014-11-29 12:00:00,1083,5,SB_MID,2,South,613,0,,16248,7,23,585,1,4,0,0
2014-11-29 12:00:00,1083,6,SB_NS,2,South,768,0,,15700,12,9,738,1,6,3,11
2014-11-29 12:00:00,1083,7,Channel 7,2,South,0,0,,15700,0,0,0,0,0,0,0
2014-11-29 12:00:00,1083,8,Channel 8,2,South,0,0,,15700,0,0,0,0,0,0,0
2014-11-29 13:00:00,1083,1,NB_NS,1,North,1050,0,,9469,16,7,1010,4,14,3,12
2014-11-29 13:00:00,1083,2,NB_MID,1,North,912,0,,5289,19,7,882,1,15,2,5
2014-11-29 13:00:00,1083,3,NB_OS,1,North,885,0,,5299,33,5,845,0,24,5,6
2014-11-29 13:00:00,1083,4,SB_OS,1,North,579,0,,16383,9,19,549,6,5,0,0
2014-11-29 13:00:00,1083,5,SB_MID,2,South,580,0,,16155,10,20,552,2,5,1,0
2014-11-29 13:00:00,1083,6,SB_NS,2,South,671,0,,15518,15,7,643,1,10,0,10
2014-11-29 13:00:00,1083,7,Channel 7,2,South,0,0,,15518,0,0,0,0,0,0,0
2014-11-29 13:00:00,1083,8,Channel 8,2,South,0,0,,15518,0,0,0,0,0,0,0
2014-11-29 14:00:00,1083,1,NB_NS,1,North,972,0,,10159,10,6,945,1,10,0,10
2014-11-29 14:00:00,1083,2,NB_MID,1,North,827,0,,7815,30,7,791,1,21,4,3
2014-11-29 14:00:00,1083,3,NB_OS,1,North,835,0,,7888,29,2,803,0,19,5,6
2014-11-29 14:00:00,1083,4,SB_OS,1,North,491,0,,17072,4,5,482,2,2,0,0
2014-11-29 14:00:00,1083,5,SB_MID,2,South,518,0,,16414,10,10,503,0,4,1,0
2014-11-29 14:00:00,1083,6,SB_NS,2,South,607,0,,15953,15,8,582,1,9,0,7
2014-11-29 14:00:00,1083,7,Channel 7,2,South,0,0,,15953,0,0,0,0,0,0,0
2014-11-29 14:00:00,1083,8,Channel 8,2,South,0,0,,15953,0,0,0,0,0,0,0
2014-11-29 15:00:00,1083,1,NB_NS,1,North,593,0,,14347,15,4,569,2,9,0,9
2014-11-29 15:00:00,1083,2,NB_MID,1,North,584,0,,15670,19,6,562,2,9,2,3
2014-11-29 15:00:00,1083,3,NB_OS,1,North,498,0,,16522,14,4,487,0,7,0,0
2014-11-29 15:00:00,1083,4,SB_OS,1,North,566,0,,16938,5,16,546,1,3,0,0
2014-11-29 15:00:00,1083,5,SB_MID,2,South,572,0,,16550,14,17,546,1,8,0,0
2014-11-29 15:00:00,1083,6,SB_NS,2,South,675,0,,15737,27,5,641,2,18,0,9
2014-11-29 15:00:00,1083,7,Channel 7,2,South,0,0,,15737,0,0,0,0,0,0,0
2014-11-29 15:00:00,1083,8,Channel 8,2,South,0,0,,15737,0,0,0,0,0,0,0
2014-11-29 16:00:00,1083,1,NB_NS,1,North,576,0,,14470,16,4,552,2,8,1,9
2014-11-29 16:00:00,1083,2,NB_MID,1,North,527,0,,15643,9,1,517,2,5,0,2
2014-11-29 16:00:00,1083,3,NB_OS,1,North,530,0,,16503,8,1,525,0,4,0,0
2014-11-29 16:00:00,1083,4,SB_OS,1,North,625,0,,16036,5,11,610,1,3,0,0
2014-11-29 16:00:00,1083,5,SB_MID,2,South,613,0,,15367,5,16,593,1,3,0,0
2014-11-29 16:00:00,1083,6,SB_NS,2,South,822,0,,14321,15,4,800,1,12,0,5
2014-11-29 16:00:00,1083,7,Channel 7,2,South,0,0,,14321,0,0,0,0,0,0,0
2014-11-29 16:00:00,1083,8,Channel 8,2,South,0,0,,14321,0,0,0,0,0,0,0
2014-11-29 17:00:00,1083,1,NB_NS,1,North,451,0,,13699,11,6,432,0,5,0,8
2014-11-29 17:00:00,1083,2,NB_MID,1,North,426,0,,14424,14,3,417,0,6,0,0
2014-11-29 17:00:00,1083,3,NB_OS,1,North,430,0,,14723,2,2,427,0,1,0,0
2014-11-29 17:00:00,1083,4,SB_OS,1,North,1250,0,,11090,1,20,1224,0,1,0,5
2014-11-29 17:00:00,1083,5,SB_MID,2,South,1023,0,,7868,11,26,983,1,8,3,2
2014-11-29 17:00:00,1083,6,SB_NS,2,South,1189,0,,5113,24,3,1147,1,25,3,10
2014-11-29 17:00:00,1083,7,Channel 7,2,South,0,0,,5113,0,0,0,0,0,0,0
2014-11-29 17:00:00,1083,8,Channel 8,2,South,0,0,,5113,0,0,0,0,0,0,0
2014-11-29 18:00:00,1083,1,NB_NS,1,North,450,0,,14915,7,4,439,0,3,0,4
2014-11-29 18:00:00,1083,2,NB_MID,1,North,502,0,,15981,22,3,487,0,11,0,1
2014-11-29 18:00:00,1083,3,NB_OS,1,North,431,0,,16602,23,1,420,0,8,2,0
2014-11-29 18:00:00,1083,4,SB_OS,1,North,618,0,,14919,3,14,600,0,2,0,2
2014-11-29 18:00:00,1083,5,SB_MID,2,South,699,0,,13839,19,19,665,0,10,3,2
2014-11-29 18:00:00,1083,6,SB_NS,2,South,893,0,,11696,10,8,867,0,8,1,9
2014-11-29 18:00:00,1083,7,Channel 7,2,South,0,0,,11696,0,0,0,0,0,0,0
2014-11-29 18:00:00,1083,8,Channel 8,2,South,0,0,,11696,0,0,0,0,0,0,0
2014-11-29 19:00:00,1083,1,NB_NS,1,North,344,0,,15539,17,2,331,1,5,1,4
2014-11-29 19:00:00,1083,2,NB_MID,1,North,423,0,,16818,14,1,416,0,5,1,0
2014-11-29 19:00:00,1083,3,NB_OS,1,North,322,0,,17707,16,0,317,0,5,0,0
2014-11-29 19:00:00,1083,4,SB_OS,1,North,326,0,,17593,9,7,316,0,3,0,0
2014-11-29 19:00:00,1083,5,SB_MID,2,South,475,0,,17314,13,8,460,1,6,0,0
2014-11-29 19:00:00,1083,6,SB_NS,2,South,495,0,,16821,16,2,478,2,8,0,5
2014-11-29 19:00:00,1083,7,Channel 7,2,South,0,0,,16821,0,0,0,0,0,0,0
2014-11-29 19:00:00,1083,8,Channel 8,2,South,0,0,,16821,0,0,0,0,0,0,0
2014-11-29 20:00:00,1083,1,NB_NS,1,North,249,0,,16587,28,3,235,0,4,3,4
2014-11-29 20:00:00,1083,2,NB_MID,1,North,317,0,,17666,22,2,307,1,6,1,0
2014-11-29 20:00:00,1083,3,NB_OS,1,North,208,0,,17834,5,0,207,0,1,0,0
2014-11-29 20:00:00,1083,4,SB_OS,1,North,266,0,,18197,4,6,259,0,1,0,0
2014-11-29 20:00:00,1083,5,SB_MID,2,South,346,0,,17743,6,10,334,0,2,0,0
2014-11-29 20:00:00,1083,6,SB_NS,2,South,343,0,,17085,0,5,333,0,0,0,5
2014-11-29 20:00:00,1083,7,Channel 7,2,South,0,0,,17085,0,0,0,0,0,0,0
2014-11-29 20:00:00,1083,8,Channel 8,2,South,0,0,,17085,0,0,0,0,0,0,0
2014-11-29 21:00:00,1083,1,NB_NS,1,North,180,0,,16150,11,4,171,0,2,0,3
2014-11-29 21:00:00,1083,2,NB_MID,1,North,281,0,,17190,14,6,271,0,4,0,0
2014-11-29 21:00:00,1083,3,NB_OS,1,North,173,0,,18004,35,1,166,0,6,0,0
2014-11-29 21:00:00,1083,4,SB_OS,1,North,190,0,,17985,11,3,185,0,2,0,0
2014-11-29 21:00:00,1083,5,SB_MID,2,South,287,0,,18102,7,6,279,0,2,0,0
2014-11-29 21:00:00,1083,6,SB_NS,2,South,333,0,,17154,18,4,319,0,5,1,4
2014-11-29 21:00:00,1083,7,Channel 7,2,South,0,0,,17154,0,0,0,0,0,0,0
2014-11-29 21:00:00,1083,8,Channel 8,2,South,0,0,,17154,0,0,0,0,0,0,0
2014-11-29 22:00:00,1083,1,NB_NS,1,North,174,0,,16352,6,4,165,0,1,0,4
2014-11-29 22:00:00,1083,2,NB_MID,1,North,268,0,,17909,4,1,266,0,1,0,0
2014-11-29 22:00:00,1083,3,NB_OS,1,North,114,0,,17980,9,0,113,0,1,0,0
2014-11-29 22:00:00,1083,4,SB_OS,1,North,151,0,,17776,7,6,144,0,1,0,0
2014-11-29 22:00:00,1083,5,SB_MID,2,South,334,0,,17476,6,7,325,0,1,1,0
2014-11-29 22:00:00,1083,6,SB_NS,2,South,279,0,,16583,11,5,267,0,3,0,4
2014-11-29 22:00:00,1083,7,Channel 7,2,South,0,0,,16583,0,0,0,0,0,0,0
2014-11-29 22:00:00,1083,8,Channel 8,2,South,0,0,,16583,0,0,0,0,0,0,0
2014-11-29 23:00:00,1083,1,NB_NS,1,North,147,0,,16476,14,0,142,0,2,0,3
2014-11-29 23:00:00,1083,2,NB_MID,1,North,244,0,,17765,20,2,237,0,4,1,0
2014-11-29 23:00:00,1083,3,NB_OS,1,North,114,0,,18443,0,0,114,0,0,0,0
2014-11-29 23:00:00,1083,4,SB_OS,1,North,135,0,,18512,0,6,129,0,0,0,0
2014-11-29 23:00:00,1083,5,SB_MID,2,South,313,0,,17937,10,5,305,0,1,2,0
2014-11-29 23:00:00,1083,6,SB_NS,2,South,285,0,,16832,7,1,277,0,2,0,5
2014-11-29 23:00:00,1083,7,Channel 7,2,South,0,0,,16832,0,0,0,0,0,0,0
2014-11-29 23:00:00,1083,8,Channel 8,2,South,0,0,,16832,0,0,0,0,0,0,0
2014-11-30 00:00:00,1083,1,NB_NS,1,North,142,0,,16500,14,2,137,0,2,0,1
2014-11-30 00:00:00,1083,2,NB_MID,1,North,191,0,,17419,16,1,187,0,3,0,0
2014-11-30 00:00:00,1083,3,NB_OS,1,North,77,0,,18196,0,1,76,0,0,0,0
2014-11-30 00:00:00,1083,4,SB_OS,1,North,92,0,,17962,0,6,86,0,0,0,0
2014-11-30 00:00:00,1083,5,SB_MID,2,South,213,0,,18357,5,3,209,0,1,0,0
2014-11-30 00:00:00,1083,6,SB_NS,2,South,180,0,,17480,11,3,172,0,1,1,3
2014-11-30 00:00:00,1083,7,Channel 7,2,South,0,0,,17480,0,0,0,0,0,0,0
2014-11-30 00:00:00,1083,8,Channel 8,2,South,0,0,,17480,0,0,0,0,0,0,0
2014-11-30 01:00:00,1083,1,NB_NS,1,North,113,0,,17018,9,1,109,0,1,0,2
2014-11-30 01:00:00,1083,2,NB_MID,1,North,219,0,,18180,5,0,217,0,1,0,1
2014-11-30 01:00:00,1083,3,NB_OS,1,North,84,0,,18562,12,1,82,0,1,0,0
2014-11-30 01:00:00,1083,4,SB_OS,1,North,74,0,,18040,27,2,70,0,2,0,0
2014-11-30 01:00:00,1083,5,SB_MID,2,South,217,0,,18834,0,2,215,0,0,0,0
2014-11-30 01:00:00,1083,6,SB_NS,2,South,182,0,,17053,11,6,171,0,1,1,3
2014-11-30 01:00:00,1083,7,Channel 7,2,South,0,0,,17053,0,0,0,0,0,0,0
2014-11-30 01:00:00,1083,8,Channel 8,2,South,0,0,,17053,0,0,0,0,0,0,0
2014-11-30 02:00:00,1083,1,NB_NS,1,North,84,0,,17255,0,0,84,0,0,0,0
2014-11-30 02:00:00,1083,2,NB_MID,1,North,175,0,,18494,0,1,173,0,0,0,1
2014-11-30 02:00:00,1083,3,NB_OS,1,North,50,0,,19178,20,0,49,0,1,0,0
2014-11-30 02:00:00,1083,4,SB_OS,1,North,42,0,,19325,0,4,38,0,0,0,0
2014-11-30 02:00:00,1083,5,SB_MID,2,South,180,0,,19409,0,5,175,0,0,0,0
2014-11-30 02:00:00,1083,6,SB_NS,2,South,123,0,,17882,8,0,120,0,1,0,2
2014-11-30 02:00:00,1083,7,Channel 7,2,South,0,0,,17882,0,0,0,0,0,0,0
2014-11-30 02:00:00,1083,8,Channel 8,2,South,0,0,,17882,0,0,0,0,0,0,0
2014-11-30 03:00:00,1083,1,NB_NS,1,North,81,0,,16828,37,0,78,0,3,0,0
2014-11-30 03:00:00,1083,2,NB_MID,1,North,160,0,,18510,0,0,160,0,0,0,0
2014-11-30 03:00:00,1083,3,NB_OS,1,North,33,0,,19242,0,0,33,0,0,0,0
2014-11-30 03:00:00,1083,4,SB_OS,1,North,43,0,,19897,0,0,43,0,0,0,0
2014-11-30 03:00:00,1083,5,SB_MID,2,South,135,0,,19469,7,2,132,0,1,0,0
2014-11-30 03:00:00,1083,6,SB_NS,2,South,126,0,,18269,16,2,122,0,2,0,0
2014-11-30 03:00:00,1083,7,Channel 7,2,South,0,0,,18269,0,0,0,0,0,0,0
2014-11-30 03:00:00,1083,8,Channel 8,2,South,0,0,,18269,0,0,0,0,0,0,0
2014-11-30 04:00:00,1083,1,NB_NS,1,North,62,0,,16918,0,3,59,0,0,0,0
2014-11-30 04:00:00,1083,2,NB_MID,1,North,115,0,,18348,9,1,113,0,1,0,0
2014-11-30 04:00:00,1083,3,NB_OS,1,North,19,0,,18830,0,0,19,0,0,0,0
2014-11-30 04:00:00,1083,4,SB_OS,1,North,25,0,,18067,0,1,24,0,0,0,0
2014-11-30 04:00:00,1083,5,SB_MID,2,South,77,0,,18878,26,1,74,0,2,0,0
2014-11-30 04:00:00,1083,6,SB_NS,2,South,111,0,,18151,0,0,111,0,0,0,0
2014-11-30 04:00:00,1083,7,Channel 7,2,South,0,0,,18151,0,0,0,0,0,0,0
2014-11-30 04:00:00,1083,8,Channel 8,2,South,0,0,,18151,0,0,0,0,0,0,0
2014-11-30 05:00:00,1083,1,NB_NS,1,North,52,0,,17345,19,3,48,0,1,0,0
2014-11-30 05:00:00,1083,2,NB_MID,1,North,95,0,,17743,32,2,90,0,2,1,0
2014-11-30 05:00:00,1083,3,NB_OS,1,North,27,0,,17829,0,0,27,0,0,0,0
2014-11-30 05:00:00,1083,4,SB_OS,1,North,32,0,,17639,0,1,31,0,0,0,0
2014-11-30 05:00:00,1083,5,SB_MID,2,South,81,0,,18748,0,0,81,0,0,0,0
2014-11-30 05:00:00,1083,6,SB_NS,2,South,108,0,,18439,19,1,105,0,0,2,0
2014-11-30 05:00:00,1083,7,Channel 7,2,South,0,0,,18439,0,0,0,0,0,0,0
2014-11-30 05:00:00,1083,8,Channel 8,2,South,0,0,,18439,0,0,0,0,0,0,0
2014-11-30 06:00:00,1083,1,NB_NS,1,North,100,0,,17128,20,0,97,0,0,2,1
2014-11-30 06:00:00,1083,2,NB_MID,1,North,122,0,,18017,16,0,120,0,2,0,0
2014-11-30 06:00:00,1083,3,NB_OS,1,North,39,0,,18241,26,0,38,0,1,0,0
2014-11-30 06:00:00,1083,4,SB_OS,1,North,47,0,,19090,21,2,44,0,1,0,0
2014-11-30 06:00:00,1083,5,SB_MID,2,South,93,0,,17793,32,0,89,0,3,0,1
2014-11-30 06:00:00,1083,6,SB_NS,2,South,117,0,,18310,17,1,114,0,1,1,0
2014-11-30 06:00:00,1083,7,Channel 7,2,South,0,0,,18310,0,0,0,0,0,0,0
2014-11-30 06:00:00,1083,8,Channel 8,2,South,0,0,,18310,0,0,0,0,0,0,0
2014-11-30 07:00:00,1083,1,NB_NS,1,North,88,0,,16815,34,1,84,0,2,1,0
2014-11-30 07:00:00,1083,2,NB_MID,1,North,137,0,,17022,66,1,127,0,9,0,0
2014-11-30 07:00:00,1083,3,NB_OS,1,North,79,0,,17764,25,0,77,0,2,0,0
2014-11-30 07:00:00,1083,4,SB_OS,1,North,76,0,,18355,0,3,73,0,0,0,0
2014-11-30 07:00:00,1083,5,SB_MID,2,South,125,0,,18307,0,4,121,0,0,0,0
2014-11-30 07:00:00,1083,6,SB_NS,2,South,142,0,,17850,42,2,134,0,4,2,0
2014-11-30 07:00:00,1083,7,Channel 7,2,South,0,0,,17850,0,0,0,0,0,0,0
2014-11-30 07:00:00,1083,8,Channel 8,2,South,0,0,,17850,0,0,0,0,0,0,0
2014-11-30 08:00:00,1083,1,NB_NS,1,North,133,0,,15683,15,3,125,1,0,2,2
2014-11-30 08:00:00,1083,2,NB_MID,1,North,233,0,,17333,21,1,226,1,5,0,0
2014-11-30 08:00:00,1083,3,NB_OS,1,North,111,0,,17593,9,1,109,0,1,0,0
2014-11-30 08:00:00,1083,4,SB_OS,1,North,117,0,,18680,9,7,108,1,1,0,0
2014-11-30 08:00:00,1083,5,SB_MID,2,South,163,0,,18407,6,6,156,0,1,0,0
2014-11-30 08:00:00,1083,6,SB_NS,2,South,206,0,,17352,24,4,197,0,4,1,0
2014-11-30 08:00:00,1083,7,Channel 7,2,South,0,0,,17352,0,0,0,0,0,0,0
2014-11-30 08:00:00,1083,8,Channel 8,2,South,0,0,,17352,0,0,0,0,0,0,0
2014-11-30 09:00:00,1083,1,NB_NS,1,North,279,0,,15232,14,1,270,1,4,0,3
2014-11-30 09:00:00,1083,2,NB_MID,1,North,440,0,,16629,23,11,418,0,9,1,1
2014-11-30 09:00:00,1083,3,NB_OS,1,North,283,0,,17642,18,2,276,0,5,0,0
2014-11-30 09:00:00,1083,4,SB_OS,1,North,205,0,,17810,5,4,199,1,1,0,0
2014-11-30 09:00:00,1083,5,SB_MID,2,South,245,0,,17607,4,6,238,0,1,0,0
2014-11-30 09:00:00,1083,6,SB_NS,2,South,339,0,,17225,21,7,320,1,7,0,4
2014-11-30 09:00:00,1083,7,Channel 7,2,South,0,0,,17225,0,0,0,0,0,0,0
2014-11-30 09:00:00,1083,8,Channel 8,2,South,0,0,,17225,0,0,0,0,0,0,0
2014-11-30 10:00:00,1083,1,NB_NS,1,North,449,0,,14767,13,3,435,0,6,0,5
2014-11-30 10:00:00,1083,2,NB_MID,1,North,562,0,,16230,9,3,554,0,5,0,0
2014-11-30 10:00:00,1083,3,NB_OS,1,North,416,0,,16834,7,0,412,0,3,0,1
2014-11-30 10:00:00,1083,4,SB_OS,1,North,353,0,,17390,14,13,335,0,5,0,0
2014-11-30 10:00:00,1083,5,SB_MID,2,South,406,0,,17155,7,12,390,1,2,1,0
2014-11-30 10:00:00,1083,6,SB_NS,2,South,460,0,,16516,9,2,450,0,4,0,4
2014-11-30 10:00:00,1083,7,Channel 7,2,South,0,0,,16516,0,0,0,0,0,0,0
2014-11-30 10:00:00,1083,8,Channel 8,2,South,0,0,,16516,0,0,0,0,0,0,0
2014-11-30 11:00:00,1083,1,NB_NS,1,North,489,0,,14686,16,2,473,1,6,2,5
2014-11-30 11:00:00,1083,2,NB_MID,1,North,672,0,,15654,12,3,659,1,8,0,1
2014-11-30 11:00:00,1083,3,NB_OS,1,North,497,0,,16519,12,1,490,0,6,0,0
2014-11-30 11:00:00,1083,4,SB_OS,1,North,450,0,,16891,7,7,439,1,3,0,0
2014-11-30 11:00:00,1083,5,SB_MID,2,South,505,0,,16564,8,13,487,1,3,1,0
2014-11-30 11:00:00,1083,6,SB_NS,2,South,576,0,,15581,17,6,557,0,9,1,3
2014-11-30 11:00:00,1083,7,Channel 7,2,South,0,0,,15581,0,0,0,0,0,0,0
2014-11-30 11:00:00,1083,8,Channel 8,2,South,0,0,,15581,0,0,0,0,0,0,0
2014-11-30 12:00:00,1083,1,NB_NS,1,North,629,0,,14548,8,4,613,3,4,1,4
2014-11-30 12:00:00,1083,2,NB_MID,1,North,705,0,,15687,6,6,693,2,4,0,0
2014-11-30 12:00:00,1083,3,NB_OS,1,North,533,0,,16359,13,0,524,1,7,0,1
2014-11-30 12:00:00,1083,4,SB_OS,1,North,524,0,,16701,4,10,512,0,2,0,0
2014-11-30 12:00:00,1083,5,SB_MID,2,South,576,0,,16258,9,16,555,0,5,0,0
2014-11-30 12:00:00,1083,6,SB_NS,2,South,702,0,,15514,17,4,681,1,12,0,4
2014-11-30 12:00:00,1083,7,Channel 7,2,South,0,0,,15514,0,0,0,0,0,0,0
2014-11-30 12:00:00,1083,8,Channel 8,2,South,0,0,,15514,0,0,0,0,0,0,0
2014-11-30 13:00:00,1083,1,NB_NS,1,North,564,0,,14559,12,9,543,1,7,0,4
2014-11-30 13:00:00,1083,2,NB_MID,1,North,682,0,,15675,10,4,669,2,7,0,0
2014-11-30 13:00:00,1083,3,NB_OS,1,North,540,0,,16742,4,2,536,0,2,0,0
2014-11-30 13:00:00,1083,4,SB_OS,1,North,606,0,,16953,8,13,588,0,5,0,0
2014-11-30 13:00:00,1083,5,SB_MID,2,South,610,0,,16544,7,14,590,2,4,0,0
2014-11-30 13:00:00,1083,6,SB_NS,2,South,675,0,,15716,16,2,655,2,10,1,5
2014-11-30 13:00:00,1083,7,Channel 7,2,South,0,0,,15716,0,0,0,0,0,0,0
2014-11-30 13:00:00,1083,8,Channel 8,2,South,0,0,,15716,0,0,0,0,0,0,0
2014-11-30 14:00:00,1083,1,NB_NS,1,North,573,0,,14422,14,6,556,0,8,0,3
2014-11-30 14:00:00,1083,2,NB_MID,1,North,603,0,,15747,8,2,595,1,4,1,0
2014-11-30 14:00:00,1083,3,NB_OS,1,North,544,0,,16562,11,1,537,0,6,0,0
2014-11-30 14:00:00,1083,4,SB_OS,1,North,513,0,,16923,4,22,488,1,2,0,0
2014-11-30 14:00:00,1083,5,SB_MID,2,South,550,0,,16428,7,19,527,0,4,0,0
2014-11-30 14:00:00,1083,6,SB_NS,2,South,640,0,,15352,9,6,624,0,6,0,4
2014-11-30 14:00:00,1083,7,Channel 7,2,South,0,0,,15352,0,0,0,0,0,0,0
2014-11-30 14:00:00,1083,8,Channel 8,2,South,0,0,,15352,0,0,0,0,0,0,0
2014-11-30 15:00:00,1083,1,NB_NS,1,North,539,0,,14527,6,6,525,1,3,0,4
2014-11-30 15:00:00,1083,2,NB_MID,1,North,529,0,,15886,6,6,518,2,3,0,0
2014-11-30 15:00:00,1083,3,NB_OS,1,North,476,0,,16712,21,1,464,0,10,0,1
2014-11-30 15:00:00,1083,4,SB_OS,1,North,516,0,,17122,6,15,497,1,3,0,0
2014-11-30 15:00:00,1083,5,SB_MID,2,South,566,0,,16625,7,16,546,0,4,0,0
2014-11-30 15:00:00,1083,6,SB_NS,2,South,657,0,,15686,12,6,638,0,8,0,5
2014-11-30 15:00:00,1083,7,Channel 7,2,South,0,0,,15686,0,0,0,0,0,0,0
2014-11-30 15:00:00,1083,8,Channel 8,2,South,0,0,,15686,0,0,0,0,0,0,0
2014-11-30 16:00:00,1083,1,NB_NS,1,North,552,0,,14431,13,6,534,1,7,0,4
2014-11-30 16:00:00,1083,2,NB_MID,1,North,521,0,,15782,10,5,511,0,5,0,0
2014-11-30 16:00:00,1083,3,NB_OS,1,North,510,0,,16386,6,3,503,1,3,0,0
2014-11-30 16:00:00,1083,4,SB_OS,1,North,516,0,,16957,6,8,504,1,3,0,0
2014-11-30 16:00:00,1083,5,SB_MID,2,South,573,0,,16584,7,16,553,0,3,1,0
2014-11-30 16:00:00,1083,6,SB_NS,2,South,648,0,,15529,6,4,636,0,4,0,4
2014-11-30 16:00:00,1083,7,Channel 7,2,South,0,0,,15529,0,0,0,0,0,0,0
2014-11-30 16:00:00,1083,8,Channel 8,2,South,0,0,,15529,0,0,0,0,0,0,0
2014-11-30 17:00:00,1083,1,NB_NS,1,North,388,0,,15470,10,4,376,1,2,2,3
2014-11-30 17:00:00,1083,2,NB_MID,1,North,416,0,,16379,12,6,405,0,4,1,0
2014-11-30 17:00:00,1083,3,NB_OS,1,North,371,0,,16702,8,0,368,0,3,0,0
2014-11-30 17:00:00,1083,4,SB_OS,1,North,379,0,,17376,5,9,367,1,2,0,0
2014-11-30 17:00:00,1083,5,SB_MID,2,South,460,0,,16942,2,12,446,1,1,0,0
2014-11-30 17:00:00,1083,6,SB_NS,2,South,537,0,,16240,13,4,521,1,6,1,4
2014-11-30 17:00:00,1083,7,Channel 7,2,South,0,0,,16240,0,0,0,0,0,0,0
2014-11-30 17:00:00,1083,8,Channel 8,2,South,0,0,,16240,0,0,0,0,0,0,0
2014-11-30 18:00:00,1083,1,NB_NS,1,North,352,0,,15435,9,1,343,1,3,0,4
2014-11-30 18:00:00,1083,2,NB_MID,1,North,449,0,,16504,13,4,439,0,6,0,0
2014-11-30 18:00:00,1083,3,NB_OS,1,North,355,0,,17154,14,1,349,0,5,0,0
2014-11-30 18:00:00,1083,4,SB_OS,1,North,285,0,,17769,4,7,277,0,1,0,0
2014-11-30 18:00:00,1083,5,SB_MID,2,South,401,0,,17210,7,17,381,0,2,1,0
2014-11-30 18:00:00,1083,6,SB_NS,2,South,439,0,,16796,14,5,421,1,5,1,6
2014-11-30 18:00:00,1083,7,Channel 7,2,South,0,0,,16796,0,0,0,0,0,0,0
2014-11-30 18:00:00,1083,8,Channel 8,2,South,0,0,,16796,0,0,0,0,0,0,0
2014-11-30 19:00:00,1083,1,NB_NS,1,North,279,0,,15961,14,6,265,0,3,1,4
2014-11-30 19:00:00,1083,2,NB_MID,1,North,356,0,,16846,11,4,348,0,2,2,0
2014-11-30 19:00:00,1083,3,NB_OS,1,North,257,0,,17485,4,2,254,0,1,0,0
2014-11-30 19:00:00,1083,4,SB_OS,1,North,247,0,,17753,8,11,233,0,1,1,1
2014-11-30 19:00:00,1083,5,SB_MID,2,South,351,0,,17648,3,7,343,0,1,0,0
2014-11-30 19:00:00,1083,6,SB_NS,2,South,351,0,,17035,11,2,340,1,4,0,4
2014-11-30 19:00:00,1083,7,Channel 7,2,South,0,0,,17035,0,0,0,0,0,0,0
2014-11-30 19:00:00,1083,8,Channel 8,2,South,0,0,,17035,0,0,0,0,0,0,0
2014-11-30 20:00:00,1083,1,NB_NS,1,North,199,0,,16406,0,2,193,0,0,0,4
2014-11-30 20:00:00,1083,2,NB_MID,1,North,251,0,,17404,4,2,248,0,1,0,0
2014-11-30 20:00:00,1083,3,NB_OS,1,North,194,0,,17471,0,0,193,1,0,0,0
2014-11-30 20:00:00,1083,4,SB_OS,1,North,170,0,,18041,6,4,165,0,1,0,0
2014-11-30 20:00:00,1083,5,SB_MID,2,South,261,0,,18082,4,6,252,2,1,0,0
2014-11-30 20:00:00,1083,6,SB_NS,2,South,286,0,,17164,10,4,275,0,3,0,4
2014-11-30 20:00:00,1083,7,Channel 7,2,South,0,0,,17164,0,0,0,0,0,0,0
2014-11-30 20:00:00,1083,8,Channel 8,2,South,0,0,,17164,0,0,0,0,0,0,0
2014-11-30 21:00:00,1083,1,NB_NS,1,North,194,0,,16496,10,1,187,0,1,1,4
2014-11-30 21:00:00,1083,2,NB_MID,1,North,193,0,,17503,26,3,185,0,5,0,0
2014-11-30 21:00:00,1083,3,NB_OS,1,North,144,0,,17836,7,1,142,0,1,0,0
2014-11-30 21:00:00,1083,4,SB_OS,1,North,146,0,,18560,27,6,136,0,4,0,0
2014-11-30 21:00:00,1083,5,SB_MID,2,South,206,0,,18328,0,4,201,0,0,0,1
2014-11-30 21:00:00,1083,6,SB_NS,2,South,206,0,,17480,10,3,196,1,2,0,4
2014-11-30 21:00:00,1083,7,Channel 7,2,South,0,0,,17480,0,0,0,0,0,0,0
2014-11-30 21:00:00,1083,8,Channel 8,2,South,0,0,,17480,0,0,0,0,0,0,0
2014-11-30 22:00:00,1083,1,NB_NS,1,North,146,0,,16526,7,1,140,0,0,1,4
2014-11-30 22:00:00,1083,2,NB_MID,1,North,172,0,,17800,6,1,170,0,0,1,0
2014-11-30 22:00:00,1083,3,NB_OS,1,North,92,0,,18010,0,0,92,0,0,0,0
2014-11-30 22:00:00,1083,4,SB_OS,1,North,96,0,,18166,10,6,89,0,1,0,0
2014-11-30 22:00:00,1083,5,SB_MID,2,South,182,0,,17988,16,7,172,0,3,0,0
2014-11-30 22:00:00,1083,6,SB_NS,2,South,243,0,,16726,4,0,238,0,0,1,4
2014-11-30 22:00:00,1083,7,Channel 7,2,South,0,0,,16726,0,0,0,0,0,0,0
2014-11-30 22:00:00,1083,8,Channel 8,2,South,0,0,,16726,0,0,0,0,0,0,0
2014-11-30 23:00:00,1083,1,NB_NS,1,North,93,0,,16942,22,0,88,0,2,0,3
2014-11-30 23:00:00,1083,2,NB_MID,1,North,134,0,,17423,22,2,128,1,3,0,0
2014-11-30 23:00:00,1083,3,NB_OS,1,North,56,0,,17803,0,0,56,0,0,0,0
2014-11-30 23:00:00,1083,4,SB_OS,1,North,73,0,,18242,14,3,69,0,0,1,0
2014-11-30 23:00:00,1083,5,SB_MID,2,South,184,0,,18098,11,4,177,1,1,1,0
2014-11-30 23:00:00,1083,6,SB_NS,2,South,187,0,,17195,5,1,181,0,1,0,4
2014-11-30 23:00:00,1083,7,Channel 7,2,South,0,0,,17195,0,0,0,0,0,0,0
2014-11-30 23:00:00,1083,8,Channel 8,2,South,0,0,,17195,0,0,0,0,0,0,0
